run_ID,ave_velocity,d_p_cm,biomass_gm2,d_c,frontal_area_unit_volume,height,p_density,f_density,kin_viscosity_cm2,Re_c,c_density,radius_ratio
GHa_1,5,0.001,1000,0.489264759,0.087169126,10,0.8,1,0.00979,249.8798566,1781.635075,0.002043883
GHa_2,5,0.002,1000,0.489264759,0.087169126,10,0.8,1,0.00979,249.8798566,1781.635075,0.004087766
GHa_3,5,0.003,1000,0.489264759,0.087169126,10,0.8,1,0.00979,249.8798566,1781.635075,0.006131649
GHa_4,5,0.004,1000,0.489264759,0.087169126,10,0.8,1,0.00979,249.8798566,1781.635075,0.008175533
GHa_5,5,0.005,1000,0.489264759,0.087169126,10,0.8,1,0.00979,249.8798566,1781.635075,0.010219416
GHa_6,5,0.006,1000,0.489264759,0.087169126,10,0.8,1,0.00979,249.8798566,1781.635075,0.012263299
GHa_7,5,0.007,1000,0.489264759,0.087169126,10,0.8,1,0.00979,249.8798566,1781.635075,0.014307182
GHa_8,5,0.008,1000,0.489264759,0.087169126,10,0.8,1,0.00979,249.8798566,1781.635075,0.016351065
GHa_9,5,0.009,1000,0.489264759,0.087169126,10,0.8,1,0.00979,249.8798566,1781.635075,0.018394948
GHa_10,5,0.01,1000,0.489264759,0.087169126,10,0.8,1,0.00979,249.8798566,1781.635075,0.020438832
GHa_11,5,0.011,1000,0.489264759,0.087169126,10,0.8,1,0.00979,249.8798566,1781.635075,0.022482715
GHa_12,5,0.012,1000,0.489264759,0.087169126,10,0.8,1,0.00979,249.8798566,1781.635075,0.024526598
GHa_13,5,0.013,1000,0.489264759,0.087169126,10,0.8,1,0.00979,249.8798566,1781.635075,0.026570481
GHa_14,5,0.014,1000,0.489264759,0.087169126,10,0.8,1,0.00979,249.8798566,1781.635075,0.028614364
GHa_15,5,0.015,1000,0.489264759,0.087169126,10,0.8,1,0.00979,249.8798566,1781.635075,0.030658247
GHa_16,5,0.016,1000,0.489264759,0.087169126,10,0.8,1,0.00979,249.8798566,1781.635075,0.03270213
GHa_17,5,0.017,1000,0.489264759,0.087169126,10,0.8,1,0.00979,249.8798566,1781.635075,0.034746014
GHa_18,5,0.018,1000,0.489264759,0.087169126,10,0.8,1,0.00979,249.8798566,1781.635075,0.036789897
GHa_19,5,0.019,1000,0.489264759,0.087169126,10,0.8,1,0.00979,249.8798566,1781.635075,0.03883378
GHa_20,5,0.02,1000,0.489264759,0.087169126,10,0.8,1,0.00979,249.8798566,1781.635075,0.040877663
GHa_21,10,0.001,1000,0.489264759,0.087169126,10,0.8,1,0.00979,499.7597132,1781.635075,0.002043883
GHa_22,10,0.002,1000,0.489264759,0.087169126,10,0.8,1,0.00979,499.7597132,1781.635075,0.004087766
GHa_23,10,0.003,1000,0.489264759,0.087169126,10,0.8,1,0.00979,499.7597132,1781.635075,0.006131649
GHa_24,10,0.004,1000,0.489264759,0.087169126,10,0.8,1,0.00979,499.7597132,1781.635075,0.008175533
GHa_25,10,0.005,1000,0.489264759,0.087169126,10,0.8,1,0.00979,499.7597132,1781.635075,0.010219416
GHa_26,10,0.006,1000,0.489264759,0.087169126,10,0.8,1,0.00979,499.7597132,1781.635075,0.012263299
GHa_27,10,0.007,1000,0.489264759,0.087169126,10,0.8,1,0.00979,499.7597132,1781.635075,0.014307182
GHa_28,10,0.008,1000,0.489264759,0.087169126,10,0.8,1,0.00979,499.7597132,1781.635075,0.016351065
GHa_29,10,0.009,1000,0.489264759,0.087169126,10,0.8,1,0.00979,499.7597132,1781.635075,0.018394948
GHa_30,10,0.01,1000,0.489264759,0.087169126,10,0.8,1,0.00979,499.7597132,1781.635075,0.020438832
GHa_31,10,0.011,1000,0.489264759,0.087169126,10,0.8,1,0.00979,499.7597132,1781.635075,0.022482715
GHa_32,10,0.012,1000,0.489264759,0.087169126,10,0.8,1,0.00979,499.7597132,1781.635075,0.024526598
GHa_33,10,0.013,1000,0.489264759,0.087169126,10,0.8,1,0.00979,499.7597132,1781.635075,0.026570481
GHa_34,10,0.014,1000,0.489264759,0.087169126,10,0.8,1,0.00979,499.7597132,1781.635075,0.028614364
GHa_35,10,0.015,1000,0.489264759,0.087169126,10,0.8,1,0.00979,499.7597132,1781.635075,0.030658247
GHa_36,10,0.016,1000,0.489264759,0.087169126,10,0.8,1,0.00979,499.7597132,1781.635075,0.03270213
GHa_37,10,0.017,1000,0.489264759,0.087169126,10,0.8,1,0.00979,499.7597132,1781.635075,0.034746014
GHa_38,10,0.018,1000,0.489264759,0.087169126,10,0.8,1,0.00979,499.7597132,1781.635075,0.036789897
GHa_39,10,0.019,1000,0.489264759,0.087169126,10,0.8,1,0.00979,499.7597132,1781.635075,0.03883378
GHa_40,10,0.02,1000,0.489264759,0.087169126,10,0.8,1,0.00979,499.7597132,1781.635075,0.040877663
GHa_41,15,0.001,1000,0.489264759,0.087169126,10,0.8,1,0.00979,749.6395699,1781.635075,0.002043883
GHa_42,15,0.002,1000,0.489264759,0.087169126,10,0.8,1,0.00979,749.6395699,1781.635075,0.004087766
GHa_43,15,0.003,1000,0.489264759,0.087169126,10,0.8,1,0.00979,749.6395699,1781.635075,0.006131649
GHa_44,15,0.004,1000,0.489264759,0.087169126,10,0.8,1,0.00979,749.6395699,1781.635075,0.008175533
GHa_45,15,0.005,1000,0.489264759,0.087169126,10,0.8,1,0.00979,749.6395699,1781.635075,0.010219416
GHa_46,15,0.006,1000,0.489264759,0.087169126,10,0.8,1,0.00979,749.6395699,1781.635075,0.012263299
GHa_47,15,0.007,1000,0.489264759,0.087169126,10,0.8,1,0.00979,749.6395699,1781.635075,0.014307182
GHa_48,15,0.008,1000,0.489264759,0.087169126,10,0.8,1,0.00979,749.6395699,1781.635075,0.016351065
GHa_49,15,0.009,1000,0.489264759,0.087169126,10,0.8,1,0.00979,749.6395699,1781.635075,0.018394948
GHa_50,15,0.01,1000,0.489264759,0.087169126,10,0.8,1,0.00979,749.6395699,1781.635075,0.020438832
GHa_51,15,0.011,1000,0.489264759,0.087169126,10,0.8,1,0.00979,749.6395699,1781.635075,0.022482715
GHa_52,15,0.012,1000,0.489264759,0.087169126,10,0.8,1,0.00979,749.6395699,1781.635075,0.024526598
GHa_53,15,0.013,1000,0.489264759,0.087169126,10,0.8,1,0.00979,749.6395699,1781.635075,0.026570481
GHa_54,15,0.014,1000,0.489264759,0.087169126,10,0.8,1,0.00979,749.6395699,1781.635075,0.028614364
GHa_55,15,0.015,1000,0.489264759,0.087169126,10,0.8,1,0.00979,749.6395699,1781.635075,0.030658247
GHa_56,15,0.016,1000,0.489264759,0.087169126,10,0.8,1,0.00979,749.6395699,1781.635075,0.03270213
GHa_57,15,0.017,1000,0.489264759,0.087169126,10,0.8,1,0.00979,749.6395699,1781.635075,0.034746014
GHa_58,15,0.018,1000,0.489264759,0.087169126,10,0.8,1,0.00979,749.6395699,1781.635075,0.036789897
GHa_59,15,0.019,1000,0.489264759,0.087169126,10,0.8,1,0.00979,749.6395699,1781.635075,0.03883378
GHa_60,15,0.02,1000,0.489264759,0.087169126,10,0.8,1,0.00979,749.6395699,1781.635075,0.040877663
GHa_61,20,0.001,1000,0.489264759,0.087169126,10,0.8,1,0.00979,999.5194265,1781.635075,0.002043883
GHa_62,20,0.002,1000,0.489264759,0.087169126,10,0.8,1,0.00979,999.5194265,1781.635075,0.004087766
GHa_63,20,0.003,1000,0.489264759,0.087169126,10,0.8,1,0.00979,999.5194265,1781.635075,0.006131649
GHa_64,20,0.004,1000,0.489264759,0.087169126,10,0.8,1,0.00979,999.5194265,1781.635075,0.008175533
GHa_65,20,0.005,1000,0.489264759,0.087169126,10,0.8,1,0.00979,999.5194265,1781.635075,0.010219416
GHa_66,20,0.006,1000,0.489264759,0.087169126,10,0.8,1,0.00979,999.5194265,1781.635075,0.012263299
GHa_67,20,0.007,1000,0.489264759,0.087169126,10,0.8,1,0.00979,999.5194265,1781.635075,0.014307182
GHa_68,20,0.008,1000,0.489264759,0.087169126,10,0.8,1,0.00979,999.5194265,1781.635075,0.016351065
GHa_69,20,0.009,1000,0.489264759,0.087169126,10,0.8,1,0.00979,999.5194265,1781.635075,0.018394948
GHa_70,20,0.01,1000,0.489264759,0.087169126,10,0.8,1,0.00979,999.5194265,1781.635075,0.020438832
GHa_71,20,0.011,1000,0.489264759,0.087169126,10,0.8,1,0.00979,999.5194265,1781.635075,0.022482715
GHa_72,20,0.012,1000,0.489264759,0.087169126,10,0.8,1,0.00979,999.5194265,1781.635075,0.024526598
GHa_73,20,0.013,1000,0.489264759,0.087169126,10,0.8,1,0.00979,999.5194265,1781.635075,0.026570481
GHa_74,20,0.014,1000,0.489264759,0.087169126,10,0.8,1,0.00979,999.5194265,1781.635075,0.028614364
GHa_75,20,0.015,1000,0.489264759,0.087169126,10,0.8,1,0.00979,999.5194265,1781.635075,0.030658247
GHa_76,20,0.016,1000,0.489264759,0.087169126,10,0.8,1,0.00979,999.5194265,1781.635075,0.03270213
GHa_77,20,0.017,1000,0.489264759,0.087169126,10,0.8,1,0.00979,999.5194265,1781.635075,0.034746014
GHa_78,20,0.018,1000,0.489264759,0.087169126,10,0.8,1,0.00979,999.5194265,1781.635075,0.036789897
GHa_79,20,0.019,1000,0.489264759,0.087169126,10,0.8,1,0.00979,999.5194265,1781.635075,0.03883378
GHa_80,20,0.02,1000,0.489264759,0.087169126,10,0.8,1,0.00979,999.5194265,1781.635075,0.040877663
GHa_81,25,0.001,1000,0.489264759,0.087169126,10,0.8,1,0.00979,1249.399283,1781.635075,0.002043883
GHa_82,25,0.002,1000,0.489264759,0.087169126,10,0.8,1,0.00979,1249.399283,1781.635075,0.004087766
GHa_83,25,0.003,1000,0.489264759,0.087169126,10,0.8,1,0.00979,1249.399283,1781.635075,0.006131649
GHa_84,25,0.004,1000,0.489264759,0.087169126,10,0.8,1,0.00979,1249.399283,1781.635075,0.008175533
GHa_85,25,0.005,1000,0.489264759,0.087169126,10,0.8,1,0.00979,1249.399283,1781.635075,0.010219416
GHa_86,25,0.006,1000,0.489264759,0.087169126,10,0.8,1,0.00979,1249.399283,1781.635075,0.012263299
GHa_87,25,0.007,1000,0.489264759,0.087169126,10,0.8,1,0.00979,1249.399283,1781.635075,0.014307182
GHa_88,25,0.008,1000,0.489264759,0.087169126,10,0.8,1,0.00979,1249.399283,1781.635075,0.016351065
GHa_89,25,0.009,1000,0.489264759,0.087169126,10,0.8,1,0.00979,1249.399283,1781.635075,0.018394948
GHa_90,25,0.01,1000,0.489264759,0.087169126,10,0.8,1,0.00979,1249.399283,1781.635075,0.020438832
GHa_91,25,0.011,1000,0.489264759,0.087169126,10,0.8,1,0.00979,1249.399283,1781.635075,0.022482715
GHa_92,25,0.012,1000,0.489264759,0.087169126,10,0.8,1,0.00979,1249.399283,1781.635075,0.024526598
GHa_93,25,0.013,1000,0.489264759,0.087169126,10,0.8,1,0.00979,1249.399283,1781.635075,0.026570481
GHa_94,25,0.014,1000,0.489264759,0.087169126,10,0.8,1,0.00979,1249.399283,1781.635075,0.028614364
GHa_95,25,0.015,1000,0.489264759,0.087169126,10,0.8,1,0.00979,1249.399283,1781.635075,0.030658247
GHa_96,25,0.016,1000,0.489264759,0.087169126,10,0.8,1,0.00979,1249.399283,1781.635075,0.03270213
GHa_97,25,0.017,1000,0.489264759,0.087169126,10,0.8,1,0.00979,1249.399283,1781.635075,0.034746014
GHa_98,25,0.018,1000,0.489264759,0.087169126,10,0.8,1,0.00979,1249.399283,1781.635075,0.036789897
GHa_99,25,0.019,1000,0.489264759,0.087169126,10,0.8,1,0.00979,1249.399283,1781.635075,0.03883378
GHa_100,25,0.02,1000,0.489264759,0.087169126,10,0.8,1,0.00979,1249.399283,1781.635075,0.040877663
GHa_101,30,0.001,1000,0.489264759,0.087169126,10,0.8,1,0.00979,1499.27914,1781.635075,0.002043883
GHa_102,30,0.002,1000,0.489264759,0.087169126,10,0.8,1,0.00979,1499.27914,1781.635075,0.004087766
GHa_103,30,0.003,1000,0.489264759,0.087169126,10,0.8,1,0.00979,1499.27914,1781.635075,0.006131649
GHa_104,30,0.004,1000,0.489264759,0.087169126,10,0.8,1,0.00979,1499.27914,1781.635075,0.008175533
GHa_105,30,0.005,1000,0.489264759,0.087169126,10,0.8,1,0.00979,1499.27914,1781.635075,0.010219416
GHa_106,30,0.006,1000,0.489264759,0.087169126,10,0.8,1,0.00979,1499.27914,1781.635075,0.012263299
GHa_107,30,0.007,1000,0.489264759,0.087169126,10,0.8,1,0.00979,1499.27914,1781.635075,0.014307182
GHa_108,30,0.008,1000,0.489264759,0.087169126,10,0.8,1,0.00979,1499.27914,1781.635075,0.016351065
GHa_109,30,0.009,1000,0.489264759,0.087169126,10,0.8,1,0.00979,1499.27914,1781.635075,0.018394948
GHa_110,30,0.01,1000,0.489264759,0.087169126,10,0.8,1,0.00979,1499.27914,1781.635075,0.020438832
GHa_111,30,0.011,1000,0.489264759,0.087169126,10,0.8,1,0.00979,1499.27914,1781.635075,0.022482715
GHa_112,30,0.012,1000,0.489264759,0.087169126,10,0.8,1,0.00979,1499.27914,1781.635075,0.024526598
GHa_113,30,0.013,1000,0.489264759,0.087169126,10,0.8,1,0.00979,1499.27914,1781.635075,0.026570481
GHa_114,30,0.014,1000,0.489264759,0.087169126,10,0.8,1,0.00979,1499.27914,1781.635075,0.028614364
GHa_115,30,0.015,1000,0.489264759,0.087169126,10,0.8,1,0.00979,1499.27914,1781.635075,0.030658247
GHa_116,30,0.016,1000,0.489264759,0.087169126,10,0.8,1,0.00979,1499.27914,1781.635075,0.03270213
GHa_117,30,0.017,1000,0.489264759,0.087169126,10,0.8,1,0.00979,1499.27914,1781.635075,0.034746014
GHa_118,30,0.018,1000,0.489264759,0.087169126,10,0.8,1,0.00979,1499.27914,1781.635075,0.036789897
GHa_119,30,0.019,1000,0.489264759,0.087169126,10,0.8,1,0.00979,1499.27914,1781.635075,0.03883378
GHa_120,30,0.02,1000,0.489264759,0.087169126,10,0.8,1,0.00979,1499.27914,1781.635075,0.040877663
GHa_121,35,0.001,1000,0.489264759,0.087169126,10,0.8,1,0.00979,1749.158996,1781.635075,0.002043883
GHa_122,35,0.002,1000,0.489264759,0.087169126,10,0.8,1,0.00979,1749.158996,1781.635075,0.004087766
GHa_123,35,0.003,1000,0.489264759,0.087169126,10,0.8,1,0.00979,1749.158996,1781.635075,0.006131649
GHa_124,35,0.004,1000,0.489264759,0.087169126,10,0.8,1,0.00979,1749.158996,1781.635075,0.008175533
GHa_125,35,0.005,1000,0.489264759,0.087169126,10,0.8,1,0.00979,1749.158996,1781.635075,0.010219416
GHa_126,35,0.006,1000,0.489264759,0.087169126,10,0.8,1,0.00979,1749.158996,1781.635075,0.012263299
GHa_127,35,0.007,1000,0.489264759,0.087169126,10,0.8,1,0.00979,1749.158996,1781.635075,0.014307182
GHa_128,35,0.008,1000,0.489264759,0.087169126,10,0.8,1,0.00979,1749.158996,1781.635075,0.016351065
GHa_129,35,0.009,1000,0.489264759,0.087169126,10,0.8,1,0.00979,1749.158996,1781.635075,0.018394948
GHa_130,35,0.01,1000,0.489264759,0.087169126,10,0.8,1,0.00979,1749.158996,1781.635075,0.020438832
GHa_131,35,0.011,1000,0.489264759,0.087169126,10,0.8,1,0.00979,1749.158996,1781.635075,0.022482715
GHa_132,35,0.012,1000,0.489264759,0.087169126,10,0.8,1,0.00979,1749.158996,1781.635075,0.024526598
GHa_133,35,0.013,1000,0.489264759,0.087169126,10,0.8,1,0.00979,1749.158996,1781.635075,0.026570481
GHa_134,35,0.014,1000,0.489264759,0.087169126,10,0.8,1,0.00979,1749.158996,1781.635075,0.028614364
GHa_135,35,0.015,1000,0.489264759,0.087169126,10,0.8,1,0.00979,1749.158996,1781.635075,0.030658247
GHa_136,35,0.016,1000,0.489264759,0.087169126,10,0.8,1,0.00979,1749.158996,1781.635075,0.03270213
GHa_137,35,0.017,1000,0.489264759,0.087169126,10,0.8,1,0.00979,1749.158996,1781.635075,0.034746014
GHa_138,35,0.018,1000,0.489264759,0.087169126,10,0.8,1,0.00979,1749.158996,1781.635075,0.036789897
GHa_139,35,0.019,1000,0.489264759,0.087169126,10,0.8,1,0.00979,1749.158996,1781.635075,0.03883378
GHa_140,35,0.02,1000,0.489264759,0.087169126,10,0.8,1,0.00979,1749.158996,1781.635075,0.040877663
GHa_141,40,0.001,1000,0.489264759,0.087169126,10,0.8,1,0.00979,1999.038853,1781.635075,0.002043883
GHa_142,40,0.002,1000,0.489264759,0.087169126,10,0.8,1,0.00979,1999.038853,1781.635075,0.004087766
GHa_143,40,0.003,1000,0.489264759,0.087169126,10,0.8,1,0.00979,1999.038853,1781.635075,0.006131649
GHa_144,40,0.004,1000,0.489264759,0.087169126,10,0.8,1,0.00979,1999.038853,1781.635075,0.008175533
GHa_145,40,0.005,1000,0.489264759,0.087169126,10,0.8,1,0.00979,1999.038853,1781.635075,0.010219416
GHa_146,40,0.006,1000,0.489264759,0.087169126,10,0.8,1,0.00979,1999.038853,1781.635075,0.012263299
GHa_147,40,0.007,1000,0.489264759,0.087169126,10,0.8,1,0.00979,1999.038853,1781.635075,0.014307182
GHa_148,40,0.008,1000,0.489264759,0.087169126,10,0.8,1,0.00979,1999.038853,1781.635075,0.016351065
GHa_149,40,0.009,1000,0.489264759,0.087169126,10,0.8,1,0.00979,1999.038853,1781.635075,0.018394948
GHa_150,40,0.01,1000,0.489264759,0.087169126,10,0.8,1,0.00979,1999.038853,1781.635075,0.020438832
GHa_151,40,0.011,1000,0.489264759,0.087169126,10,0.8,1,0.00979,1999.038853,1781.635075,0.022482715
GHa_152,40,0.012,1000,0.489264759,0.087169126,10,0.8,1,0.00979,1999.038853,1781.635075,0.024526598
GHa_153,40,0.013,1000,0.489264759,0.087169126,10,0.8,1,0.00979,1999.038853,1781.635075,0.026570481
GHa_154,40,0.014,1000,0.489264759,0.087169126,10,0.8,1,0.00979,1999.038853,1781.635075,0.028614364
GHa_155,40,0.015,1000,0.489264759,0.087169126,10,0.8,1,0.00979,1999.038853,1781.635075,0.030658247
GHa_156,40,0.016,1000,0.489264759,0.087169126,10,0.8,1,0.00979,1999.038853,1781.635075,0.03270213
GHa_157,40,0.017,1000,0.489264759,0.087169126,10,0.8,1,0.00979,1999.038853,1781.635075,0.034746014
GHa_158,40,0.018,1000,0.489264759,0.087169126,10,0.8,1,0.00979,1999.038853,1781.635075,0.036789897
GHa_159,40,0.019,1000,0.489264759,0.087169126,10,0.8,1,0.00979,1999.038853,1781.635075,0.03883378
GHa_160,40,0.02,1000,0.489264759,0.087169126,10,0.8,1,0.00979,1999.038853,1781.635075,0.040877663
GHa_161,45,0.001,1000,0.489264759,0.087169126,10,0.8,1,0.00979,2248.91871,1781.635075,0.002043883
GHa_162,45,0.002,1000,0.489264759,0.087169126,10,0.8,1,0.00979,2248.91871,1781.635075,0.004087766
GHa_163,45,0.003,1000,0.489264759,0.087169126,10,0.8,1,0.00979,2248.91871,1781.635075,0.006131649
GHa_164,45,0.004,1000,0.489264759,0.087169126,10,0.8,1,0.00979,2248.91871,1781.635075,0.008175533
GHa_165,45,0.005,1000,0.489264759,0.087169126,10,0.8,1,0.00979,2248.91871,1781.635075,0.010219416
GHa_166,45,0.006,1000,0.489264759,0.087169126,10,0.8,1,0.00979,2248.91871,1781.635075,0.012263299
GHa_167,45,0.007,1000,0.489264759,0.087169126,10,0.8,1,0.00979,2248.91871,1781.635075,0.014307182
GHa_168,45,0.008,1000,0.489264759,0.087169126,10,0.8,1,0.00979,2248.91871,1781.635075,0.016351065
GHa_169,45,0.009,1000,0.489264759,0.087169126,10,0.8,1,0.00979,2248.91871,1781.635075,0.018394948
GHa_170,45,0.01,1000,0.489264759,0.087169126,10,0.8,1,0.00979,2248.91871,1781.635075,0.020438832
GHa_171,45,0.011,1000,0.489264759,0.087169126,10,0.8,1,0.00979,2248.91871,1781.635075,0.022482715
GHa_172,45,0.012,1000,0.489264759,0.087169126,10,0.8,1,0.00979,2248.91871,1781.635075,0.024526598
GHa_173,45,0.013,1000,0.489264759,0.087169126,10,0.8,1,0.00979,2248.91871,1781.635075,0.026570481
GHa_174,45,0.014,1000,0.489264759,0.087169126,10,0.8,1,0.00979,2248.91871,1781.635075,0.028614364
GHa_175,45,0.015,1000,0.489264759,0.087169126,10,0.8,1,0.00979,2248.91871,1781.635075,0.030658247
GHa_176,45,0.016,1000,0.489264759,0.087169126,10,0.8,1,0.00979,2248.91871,1781.635075,0.03270213
GHa_177,45,0.017,1000,0.489264759,0.087169126,10,0.8,1,0.00979,2248.91871,1781.635075,0.034746014
GHa_178,45,0.018,1000,0.489264759,0.087169126,10,0.8,1,0.00979,2248.91871,1781.635075,0.036789897
GHa_179,45,0.019,1000,0.489264759,0.087169126,10,0.8,1,0.00979,2248.91871,1781.635075,0.03883378
GHa_180,45,0.02,1000,0.489264759,0.087169126,10,0.8,1,0.00979,2248.91871,1781.635075,0.040877663
GHa_181,50,0.001,1000,0.489264759,0.087169126,10,0.8,1,0.00979,2498.798566,1781.635075,0.002043883
GHa_182,50,0.002,1000,0.489264759,0.087169126,10,0.8,1,0.00979,2498.798566,1781.635075,0.004087766
GHa_183,50,0.003,1000,0.489264759,0.087169126,10,0.8,1,0.00979,2498.798566,1781.635075,0.006131649
GHa_184,50,0.004,1000,0.489264759,0.087169126,10,0.8,1,0.00979,2498.798566,1781.635075,0.008175533
GHa_185,50,0.005,1000,0.489264759,0.087169126,10,0.8,1,0.00979,2498.798566,1781.635075,0.010219416
GHa_186,50,0.006,1000,0.489264759,0.087169126,10,0.8,1,0.00979,2498.798566,1781.635075,0.012263299
GHa_187,50,0.007,1000,0.489264759,0.087169126,10,0.8,1,0.00979,2498.798566,1781.635075,0.014307182
GHa_188,50,0.008,1000,0.489264759,0.087169126,10,0.8,1,0.00979,2498.798566,1781.635075,0.016351065
GHa_189,50,0.009,1000,0.489264759,0.087169126,10,0.8,1,0.00979,2498.798566,1781.635075,0.018394948
GHa_190,50,0.01,1000,0.489264759,0.087169126,10,0.8,1,0.00979,2498.798566,1781.635075,0.020438832
GHa_191,50,0.011,1000,0.489264759,0.087169126,10,0.8,1,0.00979,2498.798566,1781.635075,0.022482715
GHa_192,50,0.012,1000,0.489264759,0.087169126,10,0.8,1,0.00979,2498.798566,1781.635075,0.024526598
GHa_193,50,0.013,1000,0.489264759,0.087169126,10,0.8,1,0.00979,2498.798566,1781.635075,0.026570481
GHa_194,50,0.014,1000,0.489264759,0.087169126,10,0.8,1,0.00979,2498.798566,1781.635075,0.028614364
GHa_195,50,0.015,1000,0.489264759,0.087169126,10,0.8,1,0.00979,2498.798566,1781.635075,0.030658247
GHa_196,50,0.016,1000,0.489264759,0.087169126,10,0.8,1,0.00979,2498.798566,1781.635075,0.03270213
GHa_197,50,0.017,1000,0.489264759,0.087169126,10,0.8,1,0.00979,2498.798566,1781.635075,0.034746014
GHa_198,50,0.018,1000,0.489264759,0.087169126,10,0.8,1,0.00979,2498.798566,1781.635075,0.036789897
GHa_199,50,0.019,1000,0.489264759,0.087169126,10,0.8,1,0.00979,2498.798566,1781.635075,0.03883378
GHa_200,50,0.02,1000,0.489264759,0.087169126,10,0.8,1,0.00979,2498.798566,1781.635075,0.040877663
OLa_1,5,0.001,1000,0.658800016,0.046685417,10,0.8,1,0.00979,336.4657895,708.6432343,0.001517911
OLa_2,5,0.002,1000,0.658800016,0.046685417,10,0.8,1,0.00979,336.4657895,708.6432343,0.003035823
OLa_3,5,0.003,1000,0.658800016,0.046685417,10,0.8,1,0.00979,336.4657895,708.6432343,0.004553734
OLa_4,5,0.004,1000,0.658800016,0.046685417,10,0.8,1,0.00979,336.4657895,708.6432343,0.006071645
OLa_5,5,0.005,1000,0.658800016,0.046685417,10,0.8,1,0.00979,336.4657895,708.6432343,0.007589557
OLa_6,5,0.006,1000,0.658800016,0.046685417,10,0.8,1,0.00979,336.4657895,708.6432343,0.009107468
OLa_7,5,0.007,1000,0.658800016,0.046685417,10,0.8,1,0.00979,336.4657895,708.6432343,0.010625379
OLa_8,5,0.008,1000,0.658800016,0.046685417,10,0.8,1,0.00979,336.4657895,708.6432343,0.012143291
OLa_9,5,0.009,1000,0.658800016,0.046685417,10,0.8,1,0.00979,336.4657895,708.6432343,0.013661202
OLa_10,5,0.01,1000,0.658800016,0.046685417,10,0.8,1,0.00979,336.4657895,708.6432343,0.015179113
OLa_11,5,0.011,1000,0.658800016,0.046685417,10,0.8,1,0.00979,336.4657895,708.6432343,0.016697024
OLa_12,5,0.012,1000,0.658800016,0.046685417,10,0.8,1,0.00979,336.4657895,708.6432343,0.018214936
OLa_13,5,0.013,1000,0.658800016,0.046685417,10,0.8,1,0.00979,336.4657895,708.6432343,0.019732847
OLa_14,5,0.014,1000,0.658800016,0.046685417,10,0.8,1,0.00979,336.4657895,708.6432343,0.021250758
OLa_15,5,0.015,1000,0.658800016,0.046685417,10,0.8,1,0.00979,336.4657895,708.6432343,0.02276867
OLa_16,5,0.016,1000,0.658800016,0.046685417,10,0.8,1,0.00979,336.4657895,708.6432343,0.024286581
OLa_17,5,0.017,1000,0.658800016,0.046685417,10,0.8,1,0.00979,336.4657895,708.6432343,0.025804492
OLa_18,5,0.018,1000,0.658800016,0.046685417,10,0.8,1,0.00979,336.4657895,708.6432343,0.027322404
OLa_19,5,0.019,1000,0.658800016,0.046685417,10,0.8,1,0.00979,336.4657895,708.6432343,0.028840315
OLa_20,5,0.02,1000,0.658800016,0.046685417,10,0.8,1,0.00979,336.4657895,708.6432343,0.030358226
OLa_21,10,0.001,1000,0.658800016,0.046685417,10,0.8,1,0.00979,672.931579,708.6432343,0.001517911
OLa_22,10,0.002,1000,0.658800016,0.046685417,10,0.8,1,0.00979,672.931579,708.6432343,0.003035823
OLa_23,10,0.003,1000,0.658800016,0.046685417,10,0.8,1,0.00979,672.931579,708.6432343,0.004553734
OLa_24,10,0.004,1000,0.658800016,0.046685417,10,0.8,1,0.00979,672.931579,708.6432343,0.006071645
OLa_25,10,0.005,1000,0.658800016,0.046685417,10,0.8,1,0.00979,672.931579,708.6432343,0.007589557
OLa_26,10,0.006,1000,0.658800016,0.046685417,10,0.8,1,0.00979,672.931579,708.6432343,0.009107468
OLa_27,10,0.007,1000,0.658800016,0.046685417,10,0.8,1,0.00979,672.931579,708.6432343,0.010625379
OLa_28,10,0.008,1000,0.658800016,0.046685417,10,0.8,1,0.00979,672.931579,708.6432343,0.012143291
OLa_29,10,0.009,1000,0.658800016,0.046685417,10,0.8,1,0.00979,672.931579,708.6432343,0.013661202
OLa_30,10,0.01,1000,0.658800016,0.046685417,10,0.8,1,0.00979,672.931579,708.6432343,0.015179113
OLa_31,10,0.011,1000,0.658800016,0.046685417,10,0.8,1,0.00979,672.931579,708.6432343,0.016697024
OLa_32,10,0.012,1000,0.658800016,0.046685417,10,0.8,1,0.00979,672.931579,708.6432343,0.018214936
OLa_33,10,0.013,1000,0.658800016,0.046685417,10,0.8,1,0.00979,672.931579,708.6432343,0.019732847
OLa_34,10,0.014,1000,0.658800016,0.046685417,10,0.8,1,0.00979,672.931579,708.6432343,0.021250758
OLa_35,10,0.015,1000,0.658800016,0.046685417,10,0.8,1,0.00979,672.931579,708.6432343,0.02276867
OLa_36,10,0.016,1000,0.658800016,0.046685417,10,0.8,1,0.00979,672.931579,708.6432343,0.024286581
OLa_37,10,0.017,1000,0.658800016,0.046685417,10,0.8,1,0.00979,672.931579,708.6432343,0.025804492
OLa_38,10,0.018,1000,0.658800016,0.046685417,10,0.8,1,0.00979,672.931579,708.6432343,0.027322404
OLa_39,10,0.019,1000,0.658800016,0.046685417,10,0.8,1,0.00979,672.931579,708.6432343,0.028840315
OLa_40,10,0.02,1000,0.658800016,0.046685417,10,0.8,1,0.00979,672.931579,708.6432343,0.030358226
OLa_41,15,0.001,1000,0.658800016,0.046685417,10,0.8,1,0.00979,1009.397369,708.6432343,0.001517911
OLa_42,15,0.002,1000,0.658800016,0.046685417,10,0.8,1,0.00979,1009.397369,708.6432343,0.003035823
OLa_43,15,0.003,1000,0.658800016,0.046685417,10,0.8,1,0.00979,1009.397369,708.6432343,0.004553734
OLa_44,15,0.004,1000,0.658800016,0.046685417,10,0.8,1,0.00979,1009.397369,708.6432343,0.006071645
OLa_45,15,0.005,1000,0.658800016,0.046685417,10,0.8,1,0.00979,1009.397369,708.6432343,0.007589557
OLa_46,15,0.006,1000,0.658800016,0.046685417,10,0.8,1,0.00979,1009.397369,708.6432343,0.009107468
OLa_47,15,0.007,1000,0.658800016,0.046685417,10,0.8,1,0.00979,1009.397369,708.6432343,0.010625379
OLa_48,15,0.008,1000,0.658800016,0.046685417,10,0.8,1,0.00979,1009.397369,708.6432343,0.012143291
OLa_49,15,0.009,1000,0.658800016,0.046685417,10,0.8,1,0.00979,1009.397369,708.6432343,0.013661202
OLa_50,15,0.01,1000,0.658800016,0.046685417,10,0.8,1,0.00979,1009.397369,708.6432343,0.015179113
OLa_51,15,0.011,1000,0.658800016,0.046685417,10,0.8,1,0.00979,1009.397369,708.6432343,0.016697024
OLa_52,15,0.012,1000,0.658800016,0.046685417,10,0.8,1,0.00979,1009.397369,708.6432343,0.018214936
OLa_53,15,0.013,1000,0.658800016,0.046685417,10,0.8,1,0.00979,1009.397369,708.6432343,0.019732847
OLa_54,15,0.014,1000,0.658800016,0.046685417,10,0.8,1,0.00979,1009.397369,708.6432343,0.021250758
OLa_55,15,0.015,1000,0.658800016,0.046685417,10,0.8,1,0.00979,1009.397369,708.6432343,0.02276867
OLa_56,15,0.016,1000,0.658800016,0.046685417,10,0.8,1,0.00979,1009.397369,708.6432343,0.024286581
OLa_57,15,0.017,1000,0.658800016,0.046685417,10,0.8,1,0.00979,1009.397369,708.6432343,0.025804492
OLa_58,15,0.018,1000,0.658800016,0.046685417,10,0.8,1,0.00979,1009.397369,708.6432343,0.027322404
OLa_59,15,0.019,1000,0.658800016,0.046685417,10,0.8,1,0.00979,1009.397369,708.6432343,0.028840315
OLa_60,15,0.02,1000,0.658800016,0.046685417,10,0.8,1,0.00979,1009.397369,708.6432343,0.030358226
OLa_61,20,0.001,1000,0.658800016,0.046685417,10,0.8,1,0.00979,1345.863158,708.6432343,0.001517911
OLa_62,20,0.002,1000,0.658800016,0.046685417,10,0.8,1,0.00979,1345.863158,708.6432343,0.003035823
OLa_63,20,0.003,1000,0.658800016,0.046685417,10,0.8,1,0.00979,1345.863158,708.6432343,0.004553734
OLa_64,20,0.004,1000,0.658800016,0.046685417,10,0.8,1,0.00979,1345.863158,708.6432343,0.006071645
OLa_65,20,0.005,1000,0.658800016,0.046685417,10,0.8,1,0.00979,1345.863158,708.6432343,0.007589557
OLa_66,20,0.006,1000,0.658800016,0.046685417,10,0.8,1,0.00979,1345.863158,708.6432343,0.009107468
OLa_67,20,0.007,1000,0.658800016,0.046685417,10,0.8,1,0.00979,1345.863158,708.6432343,0.010625379
OLa_68,20,0.008,1000,0.658800016,0.046685417,10,0.8,1,0.00979,1345.863158,708.6432343,0.012143291
OLa_69,20,0.009,1000,0.658800016,0.046685417,10,0.8,1,0.00979,1345.863158,708.6432343,0.013661202
OLa_70,20,0.01,1000,0.658800016,0.046685417,10,0.8,1,0.00979,1345.863158,708.6432343,0.015179113
OLa_71,20,0.011,1000,0.658800016,0.046685417,10,0.8,1,0.00979,1345.863158,708.6432343,0.016697024
OLa_72,20,0.012,1000,0.658800016,0.046685417,10,0.8,1,0.00979,1345.863158,708.6432343,0.018214936
OLa_73,20,0.013,1000,0.658800016,0.046685417,10,0.8,1,0.00979,1345.863158,708.6432343,0.019732847
OLa_74,20,0.014,1000,0.658800016,0.046685417,10,0.8,1,0.00979,1345.863158,708.6432343,0.021250758
OLa_75,20,0.015,1000,0.658800016,0.046685417,10,0.8,1,0.00979,1345.863158,708.6432343,0.02276867
OLa_76,20,0.016,1000,0.658800016,0.046685417,10,0.8,1,0.00979,1345.863158,708.6432343,0.024286581
OLa_77,20,0.017,1000,0.658800016,0.046685417,10,0.8,1,0.00979,1345.863158,708.6432343,0.025804492
OLa_78,20,0.018,1000,0.658800016,0.046685417,10,0.8,1,0.00979,1345.863158,708.6432343,0.027322404
OLa_79,20,0.019,1000,0.658800016,0.046685417,10,0.8,1,0.00979,1345.863158,708.6432343,0.028840315
OLa_80,20,0.02,1000,0.658800016,0.046685417,10,0.8,1,0.00979,1345.863158,708.6432343,0.030358226
OLa_81,25,0.001,1000,0.658800016,0.046685417,10,0.8,1,0.00979,1682.328948,708.6432343,0.001517911
OLa_82,25,0.002,1000,0.658800016,0.046685417,10,0.8,1,0.00979,1682.328948,708.6432343,0.003035823
OLa_83,25,0.003,1000,0.658800016,0.046685417,10,0.8,1,0.00979,1682.328948,708.6432343,0.004553734
OLa_84,25,0.004,1000,0.658800016,0.046685417,10,0.8,1,0.00979,1682.328948,708.6432343,0.006071645
OLa_85,25,0.005,1000,0.658800016,0.046685417,10,0.8,1,0.00979,1682.328948,708.6432343,0.007589557
OLa_86,25,0.006,1000,0.658800016,0.046685417,10,0.8,1,0.00979,1682.328948,708.6432343,0.009107468
OLa_87,25,0.007,1000,0.658800016,0.046685417,10,0.8,1,0.00979,1682.328948,708.6432343,0.010625379
OLa_88,25,0.008,1000,0.658800016,0.046685417,10,0.8,1,0.00979,1682.328948,708.6432343,0.012143291
OLa_89,25,0.009,1000,0.658800016,0.046685417,10,0.8,1,0.00979,1682.328948,708.6432343,0.013661202
OLa_90,25,0.01,1000,0.658800016,0.046685417,10,0.8,1,0.00979,1682.328948,708.6432343,0.015179113
OLa_91,25,0.011,1000,0.658800016,0.046685417,10,0.8,1,0.00979,1682.328948,708.6432343,0.016697024
OLa_92,25,0.012,1000,0.658800016,0.046685417,10,0.8,1,0.00979,1682.328948,708.6432343,0.018214936
OLa_93,25,0.013,1000,0.658800016,0.046685417,10,0.8,1,0.00979,1682.328948,708.6432343,0.019732847
OLa_94,25,0.014,1000,0.658800016,0.046685417,10,0.8,1,0.00979,1682.328948,708.6432343,0.021250758
OLa_95,25,0.015,1000,0.658800016,0.046685417,10,0.8,1,0.00979,1682.328948,708.6432343,0.02276867
OLa_96,25,0.016,1000,0.658800016,0.046685417,10,0.8,1,0.00979,1682.328948,708.6432343,0.024286581
OLa_97,25,0.017,1000,0.658800016,0.046685417,10,0.8,1,0.00979,1682.328948,708.6432343,0.025804492
OLa_98,25,0.018,1000,0.658800016,0.046685417,10,0.8,1,0.00979,1682.328948,708.6432343,0.027322404
OLa_99,25,0.019,1000,0.658800016,0.046685417,10,0.8,1,0.00979,1682.328948,708.6432343,0.028840315
OLa_100,25,0.02,1000,0.658800016,0.046685417,10,0.8,1,0.00979,1682.328948,708.6432343,0.030358226
OLa_101,30,0.001,1000,0.658800016,0.046685417,10,0.8,1,0.00979,2018.794737,708.6432343,0.001517911
OLa_102,30,0.002,1000,0.658800016,0.046685417,10,0.8,1,0.00979,2018.794737,708.6432343,0.003035823
OLa_103,30,0.003,1000,0.658800016,0.046685417,10,0.8,1,0.00979,2018.794737,708.6432343,0.004553734
OLa_104,30,0.004,1000,0.658800016,0.046685417,10,0.8,1,0.00979,2018.794737,708.6432343,0.006071645
OLa_105,30,0.005,1000,0.658800016,0.046685417,10,0.8,1,0.00979,2018.794737,708.6432343,0.007589557
OLa_106,30,0.006,1000,0.658800016,0.046685417,10,0.8,1,0.00979,2018.794737,708.6432343,0.009107468
OLa_107,30,0.007,1000,0.658800016,0.046685417,10,0.8,1,0.00979,2018.794737,708.6432343,0.010625379
OLa_108,30,0.008,1000,0.658800016,0.046685417,10,0.8,1,0.00979,2018.794737,708.6432343,0.012143291
OLa_109,30,0.009,1000,0.658800016,0.046685417,10,0.8,1,0.00979,2018.794737,708.6432343,0.013661202
OLa_110,30,0.01,1000,0.658800016,0.046685417,10,0.8,1,0.00979,2018.794737,708.6432343,0.015179113
OLa_111,30,0.011,1000,0.658800016,0.046685417,10,0.8,1,0.00979,2018.794737,708.6432343,0.016697024
OLa_112,30,0.012,1000,0.658800016,0.046685417,10,0.8,1,0.00979,2018.794737,708.6432343,0.018214936
OLa_113,30,0.013,1000,0.658800016,0.046685417,10,0.8,1,0.00979,2018.794737,708.6432343,0.019732847
OLa_114,30,0.014,1000,0.658800016,0.046685417,10,0.8,1,0.00979,2018.794737,708.6432343,0.021250758
OLa_115,30,0.015,1000,0.658800016,0.046685417,10,0.8,1,0.00979,2018.794737,708.6432343,0.02276867
OLa_116,30,0.016,1000,0.658800016,0.046685417,10,0.8,1,0.00979,2018.794737,708.6432343,0.024286581
OLa_117,30,0.017,1000,0.658800016,0.046685417,10,0.8,1,0.00979,2018.794737,708.6432343,0.025804492
OLa_118,30,0.018,1000,0.658800016,0.046685417,10,0.8,1,0.00979,2018.794737,708.6432343,0.027322404
OLa_119,30,0.019,1000,0.658800016,0.046685417,10,0.8,1,0.00979,2018.794737,708.6432343,0.028840315
OLa_120,30,0.02,1000,0.658800016,0.046685417,10,0.8,1,0.00979,2018.794737,708.6432343,0.030358226
OLa_121,35,0.001,1000,0.658800016,0.046685417,10,0.8,1,0.00979,2355.260527,708.6432343,0.001517911
OLa_122,35,0.002,1000,0.658800016,0.046685417,10,0.8,1,0.00979,2355.260527,708.6432343,0.003035823
OLa_123,35,0.003,1000,0.658800016,0.046685417,10,0.8,1,0.00979,2355.260527,708.6432343,0.004553734
OLa_124,35,0.004,1000,0.658800016,0.046685417,10,0.8,1,0.00979,2355.260527,708.6432343,0.006071645
OLa_125,35,0.005,1000,0.658800016,0.046685417,10,0.8,1,0.00979,2355.260527,708.6432343,0.007589557
OLa_126,35,0.006,1000,0.658800016,0.046685417,10,0.8,1,0.00979,2355.260527,708.6432343,0.009107468
OLa_127,35,0.007,1000,0.658800016,0.046685417,10,0.8,1,0.00979,2355.260527,708.6432343,0.010625379
OLa_128,35,0.008,1000,0.658800016,0.046685417,10,0.8,1,0.00979,2355.260527,708.6432343,0.012143291
OLa_129,35,0.009,1000,0.658800016,0.046685417,10,0.8,1,0.00979,2355.260527,708.6432343,0.013661202
OLa_130,35,0.01,1000,0.658800016,0.046685417,10,0.8,1,0.00979,2355.260527,708.6432343,0.015179113
OLa_131,35,0.011,1000,0.658800016,0.046685417,10,0.8,1,0.00979,2355.260527,708.6432343,0.016697024
OLa_132,35,0.012,1000,0.658800016,0.046685417,10,0.8,1,0.00979,2355.260527,708.6432343,0.018214936
OLa_133,35,0.013,1000,0.658800016,0.046685417,10,0.8,1,0.00979,2355.260527,708.6432343,0.019732847
OLa_134,35,0.014,1000,0.658800016,0.046685417,10,0.8,1,0.00979,2355.260527,708.6432343,0.021250758
OLa_135,35,0.015,1000,0.658800016,0.046685417,10,0.8,1,0.00979,2355.260527,708.6432343,0.02276867
OLa_136,35,0.016,1000,0.658800016,0.046685417,10,0.8,1,0.00979,2355.260527,708.6432343,0.024286581
OLa_137,35,0.017,1000,0.658800016,0.046685417,10,0.8,1,0.00979,2355.260527,708.6432343,0.025804492
OLa_138,35,0.018,1000,0.658800016,0.046685417,10,0.8,1,0.00979,2355.260527,708.6432343,0.027322404
OLa_139,35,0.019,1000,0.658800016,0.046685417,10,0.8,1,0.00979,2355.260527,708.6432343,0.028840315
OLa_140,35,0.02,1000,0.658800016,0.046685417,10,0.8,1,0.00979,2355.260527,708.6432343,0.030358226
OLa_141,40,0.001,1000,0.658800016,0.046685417,10,0.8,1,0.00979,2691.726316,708.6432343,0.001517911
OLa_142,40,0.002,1000,0.658800016,0.046685417,10,0.8,1,0.00979,2691.726316,708.6432343,0.003035823
OLa_143,40,0.003,1000,0.658800016,0.046685417,10,0.8,1,0.00979,2691.726316,708.6432343,0.004553734
OLa_144,40,0.004,1000,0.658800016,0.046685417,10,0.8,1,0.00979,2691.726316,708.6432343,0.006071645
OLa_145,40,0.005,1000,0.658800016,0.046685417,10,0.8,1,0.00979,2691.726316,708.6432343,0.007589557
OLa_146,40,0.006,1000,0.658800016,0.046685417,10,0.8,1,0.00979,2691.726316,708.6432343,0.009107468
OLa_147,40,0.007,1000,0.658800016,0.046685417,10,0.8,1,0.00979,2691.726316,708.6432343,0.010625379
OLa_148,40,0.008,1000,0.658800016,0.046685417,10,0.8,1,0.00979,2691.726316,708.6432343,0.012143291
OLa_149,40,0.009,1000,0.658800016,0.046685417,10,0.8,1,0.00979,2691.726316,708.6432343,0.013661202
OLa_150,40,0.01,1000,0.658800016,0.046685417,10,0.8,1,0.00979,2691.726316,708.6432343,0.015179113
OLa_151,40,0.011,1000,0.658800016,0.046685417,10,0.8,1,0.00979,2691.726316,708.6432343,0.016697024
OLa_152,40,0.012,1000,0.658800016,0.046685417,10,0.8,1,0.00979,2691.726316,708.6432343,0.018214936
OLa_153,40,0.013,1000,0.658800016,0.046685417,10,0.8,1,0.00979,2691.726316,708.6432343,0.019732847
OLa_154,40,0.014,1000,0.658800016,0.046685417,10,0.8,1,0.00979,2691.726316,708.6432343,0.021250758
OLa_155,40,0.015,1000,0.658800016,0.046685417,10,0.8,1,0.00979,2691.726316,708.6432343,0.02276867
OLa_156,40,0.016,1000,0.658800016,0.046685417,10,0.8,1,0.00979,2691.726316,708.6432343,0.024286581
OLa_157,40,0.017,1000,0.658800016,0.046685417,10,0.8,1,0.00979,2691.726316,708.6432343,0.025804492
OLa_158,40,0.018,1000,0.658800016,0.046685417,10,0.8,1,0.00979,2691.726316,708.6432343,0.027322404
OLa_159,40,0.019,1000,0.658800016,0.046685417,10,0.8,1,0.00979,2691.726316,708.6432343,0.028840315
OLa_160,40,0.02,1000,0.658800016,0.046685417,10,0.8,1,0.00979,2691.726316,708.6432343,0.030358226
OLa_161,45,0.001,1000,0.658800016,0.046685417,10,0.8,1,0.00979,3028.192106,708.6432343,0.001517911
OLa_162,45,0.002,1000,0.658800016,0.046685417,10,0.8,1,0.00979,3028.192106,708.6432343,0.003035823
OLa_163,45,0.003,1000,0.658800016,0.046685417,10,0.8,1,0.00979,3028.192106,708.6432343,0.004553734
OLa_164,45,0.004,1000,0.658800016,0.046685417,10,0.8,1,0.00979,3028.192106,708.6432343,0.006071645
OLa_165,45,0.005,1000,0.658800016,0.046685417,10,0.8,1,0.00979,3028.192106,708.6432343,0.007589557
OLa_166,45,0.006,1000,0.658800016,0.046685417,10,0.8,1,0.00979,3028.192106,708.6432343,0.009107468
OLa_167,45,0.007,1000,0.658800016,0.046685417,10,0.8,1,0.00979,3028.192106,708.6432343,0.010625379
OLa_168,45,0.008,1000,0.658800016,0.046685417,10,0.8,1,0.00979,3028.192106,708.6432343,0.012143291
OLa_169,45,0.009,1000,0.658800016,0.046685417,10,0.8,1,0.00979,3028.192106,708.6432343,0.013661202
OLa_170,45,0.01,1000,0.658800016,0.046685417,10,0.8,1,0.00979,3028.192106,708.6432343,0.015179113
OLa_171,45,0.011,1000,0.658800016,0.046685417,10,0.8,1,0.00979,3028.192106,708.6432343,0.016697024
OLa_172,45,0.012,1000,0.658800016,0.046685417,10,0.8,1,0.00979,3028.192106,708.6432343,0.018214936
OLa_173,45,0.013,1000,0.658800016,0.046685417,10,0.8,1,0.00979,3028.192106,708.6432343,0.019732847
OLa_174,45,0.014,1000,0.658800016,0.046685417,10,0.8,1,0.00979,3028.192106,708.6432343,0.021250758
OLa_175,45,0.015,1000,0.658800016,0.046685417,10,0.8,1,0.00979,3028.192106,708.6432343,0.02276867
OLa_176,45,0.016,1000,0.658800016,0.046685417,10,0.8,1,0.00979,3028.192106,708.6432343,0.024286581
OLa_177,45,0.017,1000,0.658800016,0.046685417,10,0.8,1,0.00979,3028.192106,708.6432343,0.025804492
OLa_178,45,0.018,1000,0.658800016,0.046685417,10,0.8,1,0.00979,3028.192106,708.6432343,0.027322404
OLa_179,45,0.019,1000,0.658800016,0.046685417,10,0.8,1,0.00979,3028.192106,708.6432343,0.028840315
OLa_180,45,0.02,1000,0.658800016,0.046685417,10,0.8,1,0.00979,3028.192106,708.6432343,0.030358226
OLa_181,50,0.001,1000,0.658800016,0.046685417,10,0.8,1,0.00979,3364.657895,708.6432343,0.001517911
OLa_182,50,0.002,1000,0.658800016,0.046685417,10,0.8,1,0.00979,3364.657895,708.6432343,0.003035823
OLa_183,50,0.003,1000,0.658800016,0.046685417,10,0.8,1,0.00979,3364.657895,708.6432343,0.004553734
OLa_184,50,0.004,1000,0.658800016,0.046685417,10,0.8,1,0.00979,3364.657895,708.6432343,0.006071645
OLa_185,50,0.005,1000,0.658800016,0.046685417,10,0.8,1,0.00979,3364.657895,708.6432343,0.007589557
OLa_186,50,0.006,1000,0.658800016,0.046685417,10,0.8,1,0.00979,3364.657895,708.6432343,0.009107468
OLa_187,50,0.007,1000,0.658800016,0.046685417,10,0.8,1,0.00979,3364.657895,708.6432343,0.010625379
OLa_188,50,0.008,1000,0.658800016,0.046685417,10,0.8,1,0.00979,3364.657895,708.6432343,0.012143291
OLa_189,50,0.009,1000,0.658800016,0.046685417,10,0.8,1,0.00979,3364.657895,708.6432343,0.013661202
OLa_190,50,0.01,1000,0.658800016,0.046685417,10,0.8,1,0.00979,3364.657895,708.6432343,0.015179113
OLa_191,50,0.011,1000,0.658800016,0.046685417,10,0.8,1,0.00979,3364.657895,708.6432343,0.016697024
OLa_192,50,0.012,1000,0.658800016,0.046685417,10,0.8,1,0.00979,3364.657895,708.6432343,0.018214936
OLa_193,50,0.013,1000,0.658800016,0.046685417,10,0.8,1,0.00979,3364.657895,708.6432343,0.019732847
OLa_194,50,0.014,1000,0.658800016,0.046685417,10,0.8,1,0.00979,3364.657895,708.6432343,0.021250758
OLa_195,50,0.015,1000,0.658800016,0.046685417,10,0.8,1,0.00979,3364.657895,708.6432343,0.02276867
OLa_196,50,0.016,1000,0.658800016,0.046685417,10,0.8,1,0.00979,3364.657895,708.6432343,0.024286581
OLa_197,50,0.017,1000,0.658800016,0.046685417,10,0.8,1,0.00979,3364.657895,708.6432343,0.025804492
OLa_198,50,0.018,1000,0.658800016,0.046685417,10,0.8,1,0.00979,3364.657895,708.6432343,0.027322404
OLa_199,50,0.019,1000,0.658800016,0.046685417,10,0.8,1,0.00979,3364.657895,708.6432343,0.028840315
OLa_200,50,0.02,1000,0.658800016,0.046685417,10,0.8,1,0.00979,3364.657895,708.6432343,0.030358226
GHb_1,5,0.001,1000,0.489264759,0.087169126,10,2.65,1,0.00979,249.8798566,1781.635075,0.002043883
GHb_2,5,0.002,1000,0.489264759,0.087169126,10,2.65,1,0.00979,249.8798566,1781.635075,0.004087766
GHb_3,5,0.003,1000,0.489264759,0.087169126,10,2.65,1,0.00979,249.8798566,1781.635075,0.006131649
GHb_4,5,0.004,1000,0.489264759,0.087169126,10,2.65,1,0.00979,249.8798566,1781.635075,0.008175533
GHb_5,5,0.005,1000,0.489264759,0.087169126,10,2.65,1,0.00979,249.8798566,1781.635075,0.010219416
GHb_6,5,0.006,1000,0.489264759,0.087169126,10,2.65,1,0.00979,249.8798566,1781.635075,0.012263299
GHb_7,5,0.007,1000,0.489264759,0.087169126,10,2.65,1,0.00979,249.8798566,1781.635075,0.014307182
GHb_8,5,0.008,1000,0.489264759,0.087169126,10,2.65,1,0.00979,249.8798566,1781.635075,0.016351065
GHb_9,5,0.009,1000,0.489264759,0.087169126,10,2.65,1,0.00979,249.8798566,1781.635075,0.018394948
GHb_10,5,0.01,1000,0.489264759,0.087169126,10,2.65,1,0.00979,249.8798566,1781.635075,0.020438832
GHb_11,5,0.011,1000,0.489264759,0.087169126,10,2.65,1,0.00979,249.8798566,1781.635075,0.022482715
GHb_12,5,0.012,1000,0.489264759,0.087169126,10,2.65,1,0.00979,249.8798566,1781.635075,0.024526598
GHb_13,5,0.013,1000,0.489264759,0.087169126,10,2.65,1,0.00979,249.8798566,1781.635075,0.026570481
GHb_14,5,0.014,1000,0.489264759,0.087169126,10,2.65,1,0.00979,249.8798566,1781.635075,0.028614364
GHb_15,5,0.015,1000,0.489264759,0.087169126,10,2.65,1,0.00979,249.8798566,1781.635075,0.030658247
GHb_16,5,0.016,1000,0.489264759,0.087169126,10,2.65,1,0.00979,249.8798566,1781.635075,0.03270213
GHb_17,5,0.017,1000,0.489264759,0.087169126,10,2.65,1,0.00979,249.8798566,1781.635075,0.034746014
GHb_18,5,0.018,1000,0.489264759,0.087169126,10,2.65,1,0.00979,249.8798566,1781.635075,0.036789897
GHb_19,5,0.019,1000,0.489264759,0.087169126,10,2.65,1,0.00979,249.8798566,1781.635075,0.03883378
GHb_20,5,0.02,1000,0.489264759,0.087169126,10,2.65,1,0.00979,249.8798566,1781.635075,0.040877663
GHb_21,10,0.001,1000,0.489264759,0.087169126,10,2.65,1,0.00979,499.7597132,1781.635075,0.002043883
GHb_22,10,0.002,1000,0.489264759,0.087169126,10,2.65,1,0.00979,499.7597132,1781.635075,0.004087766
GHb_23,10,0.003,1000,0.489264759,0.087169126,10,2.65,1,0.00979,499.7597132,1781.635075,0.006131649
GHb_24,10,0.004,1000,0.489264759,0.087169126,10,2.65,1,0.00979,499.7597132,1781.635075,0.008175533
GHb_25,10,0.005,1000,0.489264759,0.087169126,10,2.65,1,0.00979,499.7597132,1781.635075,0.010219416
GHb_26,10,0.006,1000,0.489264759,0.087169126,10,2.65,1,0.00979,499.7597132,1781.635075,0.012263299
GHb_27,10,0.007,1000,0.489264759,0.087169126,10,2.65,1,0.00979,499.7597132,1781.635075,0.014307182
GHb_28,10,0.008,1000,0.489264759,0.087169126,10,2.65,1,0.00979,499.7597132,1781.635075,0.016351065
GHb_29,10,0.009,1000,0.489264759,0.087169126,10,2.65,1,0.00979,499.7597132,1781.635075,0.018394948
GHb_30,10,0.01,1000,0.489264759,0.087169126,10,2.65,1,0.00979,499.7597132,1781.635075,0.020438832
GHb_31,10,0.011,1000,0.489264759,0.087169126,10,2.65,1,0.00979,499.7597132,1781.635075,0.022482715
GHb_32,10,0.012,1000,0.489264759,0.087169126,10,2.65,1,0.00979,499.7597132,1781.635075,0.024526598
GHb_33,10,0.013,1000,0.489264759,0.087169126,10,2.65,1,0.00979,499.7597132,1781.635075,0.026570481
GHb_34,10,0.014,1000,0.489264759,0.087169126,10,2.65,1,0.00979,499.7597132,1781.635075,0.028614364
GHb_35,10,0.015,1000,0.489264759,0.087169126,10,2.65,1,0.00979,499.7597132,1781.635075,0.030658247
GHb_36,10,0.016,1000,0.489264759,0.087169126,10,2.65,1,0.00979,499.7597132,1781.635075,0.03270213
GHb_37,10,0.017,1000,0.489264759,0.087169126,10,2.65,1,0.00979,499.7597132,1781.635075,0.034746014
GHb_38,10,0.018,1000,0.489264759,0.087169126,10,2.65,1,0.00979,499.7597132,1781.635075,0.036789897
GHb_39,10,0.019,1000,0.489264759,0.087169126,10,2.65,1,0.00979,499.7597132,1781.635075,0.03883378
GHb_40,10,0.02,1000,0.489264759,0.087169126,10,2.65,1,0.00979,499.7597132,1781.635075,0.040877663
GHb_41,15,0.001,1000,0.489264759,0.087169126,10,2.65,1,0.00979,749.6395699,1781.635075,0.002043883
GHb_42,15,0.002,1000,0.489264759,0.087169126,10,2.65,1,0.00979,749.6395699,1781.635075,0.004087766
GHb_43,15,0.003,1000,0.489264759,0.087169126,10,2.65,1,0.00979,749.6395699,1781.635075,0.006131649
GHb_44,15,0.004,1000,0.489264759,0.087169126,10,2.65,1,0.00979,749.6395699,1781.635075,0.008175533
GHb_45,15,0.005,1000,0.489264759,0.087169126,10,2.65,1,0.00979,749.6395699,1781.635075,0.010219416
GHb_46,15,0.006,1000,0.489264759,0.087169126,10,2.65,1,0.00979,749.6395699,1781.635075,0.012263299
GHb_47,15,0.007,1000,0.489264759,0.087169126,10,2.65,1,0.00979,749.6395699,1781.635075,0.014307182
GHb_48,15,0.008,1000,0.489264759,0.087169126,10,2.65,1,0.00979,749.6395699,1781.635075,0.016351065
GHb_49,15,0.009,1000,0.489264759,0.087169126,10,2.65,1,0.00979,749.6395699,1781.635075,0.018394948
GHb_50,15,0.01,1000,0.489264759,0.087169126,10,2.65,1,0.00979,749.6395699,1781.635075,0.020438832
GHb_51,15,0.011,1000,0.489264759,0.087169126,10,2.65,1,0.00979,749.6395699,1781.635075,0.022482715
GHb_52,15,0.012,1000,0.489264759,0.087169126,10,2.65,1,0.00979,749.6395699,1781.635075,0.024526598
GHb_53,15,0.013,1000,0.489264759,0.087169126,10,2.65,1,0.00979,749.6395699,1781.635075,0.026570481
GHb_54,15,0.014,1000,0.489264759,0.087169126,10,2.65,1,0.00979,749.6395699,1781.635075,0.028614364
GHb_55,15,0.015,1000,0.489264759,0.087169126,10,2.65,1,0.00979,749.6395699,1781.635075,0.030658247
GHb_56,15,0.016,1000,0.489264759,0.087169126,10,2.65,1,0.00979,749.6395699,1781.635075,0.03270213
GHb_57,15,0.017,1000,0.489264759,0.087169126,10,2.65,1,0.00979,749.6395699,1781.635075,0.034746014
GHb_58,15,0.018,1000,0.489264759,0.087169126,10,2.65,1,0.00979,749.6395699,1781.635075,0.036789897
GHb_59,15,0.019,1000,0.489264759,0.087169126,10,2.65,1,0.00979,749.6395699,1781.635075,0.03883378
GHb_60,15,0.02,1000,0.489264759,0.087169126,10,2.65,1,0.00979,749.6395699,1781.635075,0.040877663
GHb_61,20,0.001,1000,0.489264759,0.087169126,10,2.65,1,0.00979,999.5194265,1781.635075,0.002043883
GHb_62,20,0.002,1000,0.489264759,0.087169126,10,2.65,1,0.00979,999.5194265,1781.635075,0.004087766
GHb_63,20,0.003,1000,0.489264759,0.087169126,10,2.65,1,0.00979,999.5194265,1781.635075,0.006131649
GHb_64,20,0.004,1000,0.489264759,0.087169126,10,2.65,1,0.00979,999.5194265,1781.635075,0.008175533
GHb_65,20,0.005,1000,0.489264759,0.087169126,10,2.65,1,0.00979,999.5194265,1781.635075,0.010219416
GHb_66,20,0.006,1000,0.489264759,0.087169126,10,2.65,1,0.00979,999.5194265,1781.635075,0.012263299
GHb_67,20,0.007,1000,0.489264759,0.087169126,10,2.65,1,0.00979,999.5194265,1781.635075,0.014307182
GHb_68,20,0.008,1000,0.489264759,0.087169126,10,2.65,1,0.00979,999.5194265,1781.635075,0.016351065
GHb_69,20,0.009,1000,0.489264759,0.087169126,10,2.65,1,0.00979,999.5194265,1781.635075,0.018394948
GHb_70,20,0.01,1000,0.489264759,0.087169126,10,2.65,1,0.00979,999.5194265,1781.635075,0.020438832
GHb_71,20,0.011,1000,0.489264759,0.087169126,10,2.65,1,0.00979,999.5194265,1781.635075,0.022482715
GHb_72,20,0.012,1000,0.489264759,0.087169126,10,2.65,1,0.00979,999.5194265,1781.635075,0.024526598
GHb_73,20,0.013,1000,0.489264759,0.087169126,10,2.65,1,0.00979,999.5194265,1781.635075,0.026570481
GHb_74,20,0.014,1000,0.489264759,0.087169126,10,2.65,1,0.00979,999.5194265,1781.635075,0.028614364
GHb_75,20,0.015,1000,0.489264759,0.087169126,10,2.65,1,0.00979,999.5194265,1781.635075,0.030658247
GHb_76,20,0.016,1000,0.489264759,0.087169126,10,2.65,1,0.00979,999.5194265,1781.635075,0.03270213
GHb_77,20,0.017,1000,0.489264759,0.087169126,10,2.65,1,0.00979,999.5194265,1781.635075,0.034746014
GHb_78,20,0.018,1000,0.489264759,0.087169126,10,2.65,1,0.00979,999.5194265,1781.635075,0.036789897
GHb_79,20,0.019,1000,0.489264759,0.087169126,10,2.65,1,0.00979,999.5194265,1781.635075,0.03883378
GHb_80,20,0.02,1000,0.489264759,0.087169126,10,2.65,1,0.00979,999.5194265,1781.635075,0.040877663
GHb_81,25,0.001,1000,0.489264759,0.087169126,10,2.65,1,0.00979,1249.399283,1781.635075,0.002043883
GHb_82,25,0.002,1000,0.489264759,0.087169126,10,2.65,1,0.00979,1249.399283,1781.635075,0.004087766
GHb_83,25,0.003,1000,0.489264759,0.087169126,10,2.65,1,0.00979,1249.399283,1781.635075,0.006131649
GHb_84,25,0.004,1000,0.489264759,0.087169126,10,2.65,1,0.00979,1249.399283,1781.635075,0.008175533
GHb_85,25,0.005,1000,0.489264759,0.087169126,10,2.65,1,0.00979,1249.399283,1781.635075,0.010219416
GHb_86,25,0.006,1000,0.489264759,0.087169126,10,2.65,1,0.00979,1249.399283,1781.635075,0.012263299
GHb_87,25,0.007,1000,0.489264759,0.087169126,10,2.65,1,0.00979,1249.399283,1781.635075,0.014307182
GHb_88,25,0.008,1000,0.489264759,0.087169126,10,2.65,1,0.00979,1249.399283,1781.635075,0.016351065
GHb_89,25,0.009,1000,0.489264759,0.087169126,10,2.65,1,0.00979,1249.399283,1781.635075,0.018394948
GHb_90,25,0.01,1000,0.489264759,0.087169126,10,2.65,1,0.00979,1249.399283,1781.635075,0.020438832
GHb_91,25,0.011,1000,0.489264759,0.087169126,10,2.65,1,0.00979,1249.399283,1781.635075,0.022482715
GHb_92,25,0.012,1000,0.489264759,0.087169126,10,2.65,1,0.00979,1249.399283,1781.635075,0.024526598
GHb_93,25,0.013,1000,0.489264759,0.087169126,10,2.65,1,0.00979,1249.399283,1781.635075,0.026570481
GHb_94,25,0.014,1000,0.489264759,0.087169126,10,2.65,1,0.00979,1249.399283,1781.635075,0.028614364
GHb_95,25,0.015,1000,0.489264759,0.087169126,10,2.65,1,0.00979,1249.399283,1781.635075,0.030658247
GHb_96,25,0.016,1000,0.489264759,0.087169126,10,2.65,1,0.00979,1249.399283,1781.635075,0.03270213
GHb_97,25,0.017,1000,0.489264759,0.087169126,10,2.65,1,0.00979,1249.399283,1781.635075,0.034746014
GHb_98,25,0.018,1000,0.489264759,0.087169126,10,2.65,1,0.00979,1249.399283,1781.635075,0.036789897
GHb_99,25,0.019,1000,0.489264759,0.087169126,10,2.65,1,0.00979,1249.399283,1781.635075,0.03883378
GHb_100,25,0.02,1000,0.489264759,0.087169126,10,2.65,1,0.00979,1249.399283,1781.635075,0.040877663
GHb_101,30,0.001,1000,0.489264759,0.087169126,10,2.65,1,0.00979,1499.27914,1781.635075,0.002043883
GHb_102,30,0.002,1000,0.489264759,0.087169126,10,2.65,1,0.00979,1499.27914,1781.635075,0.004087766
GHb_103,30,0.003,1000,0.489264759,0.087169126,10,2.65,1,0.00979,1499.27914,1781.635075,0.006131649
GHb_104,30,0.004,1000,0.489264759,0.087169126,10,2.65,1,0.00979,1499.27914,1781.635075,0.008175533
GHb_105,30,0.005,1000,0.489264759,0.087169126,10,2.65,1,0.00979,1499.27914,1781.635075,0.010219416
GHb_106,30,0.006,1000,0.489264759,0.087169126,10,2.65,1,0.00979,1499.27914,1781.635075,0.012263299
GHb_107,30,0.007,1000,0.489264759,0.087169126,10,2.65,1,0.00979,1499.27914,1781.635075,0.014307182
GHb_108,30,0.008,1000,0.489264759,0.087169126,10,2.65,1,0.00979,1499.27914,1781.635075,0.016351065
GHb_109,30,0.009,1000,0.489264759,0.087169126,10,2.65,1,0.00979,1499.27914,1781.635075,0.018394948
GHb_110,30,0.01,1000,0.489264759,0.087169126,10,2.65,1,0.00979,1499.27914,1781.635075,0.020438832
GHb_111,30,0.011,1000,0.489264759,0.087169126,10,2.65,1,0.00979,1499.27914,1781.635075,0.022482715
GHb_112,30,0.012,1000,0.489264759,0.087169126,10,2.65,1,0.00979,1499.27914,1781.635075,0.024526598
GHb_113,30,0.013,1000,0.489264759,0.087169126,10,2.65,1,0.00979,1499.27914,1781.635075,0.026570481
GHb_114,30,0.014,1000,0.489264759,0.087169126,10,2.65,1,0.00979,1499.27914,1781.635075,0.028614364
GHb_115,30,0.015,1000,0.489264759,0.087169126,10,2.65,1,0.00979,1499.27914,1781.635075,0.030658247
GHb_116,30,0.016,1000,0.489264759,0.087169126,10,2.65,1,0.00979,1499.27914,1781.635075,0.03270213
GHb_117,30,0.017,1000,0.489264759,0.087169126,10,2.65,1,0.00979,1499.27914,1781.635075,0.034746014
GHb_118,30,0.018,1000,0.489264759,0.087169126,10,2.65,1,0.00979,1499.27914,1781.635075,0.036789897
GHb_119,30,0.019,1000,0.489264759,0.087169126,10,2.65,1,0.00979,1499.27914,1781.635075,0.03883378
GHb_120,30,0.02,1000,0.489264759,0.087169126,10,2.65,1,0.00979,1499.27914,1781.635075,0.040877663
GHb_121,35,0.001,1000,0.489264759,0.087169126,10,2.65,1,0.00979,1749.158996,1781.635075,0.002043883
GHb_122,35,0.002,1000,0.489264759,0.087169126,10,2.65,1,0.00979,1749.158996,1781.635075,0.004087766
GHb_123,35,0.003,1000,0.489264759,0.087169126,10,2.65,1,0.00979,1749.158996,1781.635075,0.006131649
GHb_124,35,0.004,1000,0.489264759,0.087169126,10,2.65,1,0.00979,1749.158996,1781.635075,0.008175533
GHb_125,35,0.005,1000,0.489264759,0.087169126,10,2.65,1,0.00979,1749.158996,1781.635075,0.010219416
GHb_126,35,0.006,1000,0.489264759,0.087169126,10,2.65,1,0.00979,1749.158996,1781.635075,0.012263299
GHb_127,35,0.007,1000,0.489264759,0.087169126,10,2.65,1,0.00979,1749.158996,1781.635075,0.014307182
GHb_128,35,0.008,1000,0.489264759,0.087169126,10,2.65,1,0.00979,1749.158996,1781.635075,0.016351065
GHb_129,35,0.009,1000,0.489264759,0.087169126,10,2.65,1,0.00979,1749.158996,1781.635075,0.018394948
GHb_130,35,0.01,1000,0.489264759,0.087169126,10,2.65,1,0.00979,1749.158996,1781.635075,0.020438832
GHb_131,35,0.011,1000,0.489264759,0.087169126,10,2.65,1,0.00979,1749.158996,1781.635075,0.022482715
GHb_132,35,0.012,1000,0.489264759,0.087169126,10,2.65,1,0.00979,1749.158996,1781.635075,0.024526598
GHb_133,35,0.013,1000,0.489264759,0.087169126,10,2.65,1,0.00979,1749.158996,1781.635075,0.026570481
GHb_134,35,0.014,1000,0.489264759,0.087169126,10,2.65,1,0.00979,1749.158996,1781.635075,0.028614364
GHb_135,35,0.015,1000,0.489264759,0.087169126,10,2.65,1,0.00979,1749.158996,1781.635075,0.030658247
GHb_136,35,0.016,1000,0.489264759,0.087169126,10,2.65,1,0.00979,1749.158996,1781.635075,0.03270213
GHb_137,35,0.017,1000,0.489264759,0.087169126,10,2.65,1,0.00979,1749.158996,1781.635075,0.034746014
GHb_138,35,0.018,1000,0.489264759,0.087169126,10,2.65,1,0.00979,1749.158996,1781.635075,0.036789897
GHb_139,35,0.019,1000,0.489264759,0.087169126,10,2.65,1,0.00979,1749.158996,1781.635075,0.03883378
GHb_140,35,0.02,1000,0.489264759,0.087169126,10,2.65,1,0.00979,1749.158996,1781.635075,0.040877663
GHb_141,40,0.001,1000,0.489264759,0.087169126,10,2.65,1,0.00979,1999.038853,1781.635075,0.002043883
GHb_142,40,0.002,1000,0.489264759,0.087169126,10,2.65,1,0.00979,1999.038853,1781.635075,0.004087766
GHb_143,40,0.003,1000,0.489264759,0.087169126,10,2.65,1,0.00979,1999.038853,1781.635075,0.006131649
GHb_144,40,0.004,1000,0.489264759,0.087169126,10,2.65,1,0.00979,1999.038853,1781.635075,0.008175533
GHb_145,40,0.005,1000,0.489264759,0.087169126,10,2.65,1,0.00979,1999.038853,1781.635075,0.010219416
GHb_146,40,0.006,1000,0.489264759,0.087169126,10,2.65,1,0.00979,1999.038853,1781.635075,0.012263299
GHb_147,40,0.007,1000,0.489264759,0.087169126,10,2.65,1,0.00979,1999.038853,1781.635075,0.014307182
GHb_148,40,0.008,1000,0.489264759,0.087169126,10,2.65,1,0.00979,1999.038853,1781.635075,0.016351065
GHb_149,40,0.009,1000,0.489264759,0.087169126,10,2.65,1,0.00979,1999.038853,1781.635075,0.018394948
GHb_150,40,0.01,1000,0.489264759,0.087169126,10,2.65,1,0.00979,1999.038853,1781.635075,0.020438832
GHb_151,40,0.011,1000,0.489264759,0.087169126,10,2.65,1,0.00979,1999.038853,1781.635075,0.022482715
GHb_152,40,0.012,1000,0.489264759,0.087169126,10,2.65,1,0.00979,1999.038853,1781.635075,0.024526598
GHb_153,40,0.013,1000,0.489264759,0.087169126,10,2.65,1,0.00979,1999.038853,1781.635075,0.026570481
GHb_154,40,0.014,1000,0.489264759,0.087169126,10,2.65,1,0.00979,1999.038853,1781.635075,0.028614364
GHb_155,40,0.015,1000,0.489264759,0.087169126,10,2.65,1,0.00979,1999.038853,1781.635075,0.030658247
GHb_156,40,0.016,1000,0.489264759,0.087169126,10,2.65,1,0.00979,1999.038853,1781.635075,0.03270213
GHb_157,40,0.017,1000,0.489264759,0.087169126,10,2.65,1,0.00979,1999.038853,1781.635075,0.034746014
GHb_158,40,0.018,1000,0.489264759,0.087169126,10,2.65,1,0.00979,1999.038853,1781.635075,0.036789897
GHb_159,40,0.019,1000,0.489264759,0.087169126,10,2.65,1,0.00979,1999.038853,1781.635075,0.03883378
GHb_160,40,0.02,1000,0.489264759,0.087169126,10,2.65,1,0.00979,1999.038853,1781.635075,0.040877663
GHb_161,45,0.001,1000,0.489264759,0.087169126,10,2.65,1,0.00979,2248.91871,1781.635075,0.002043883
GHb_162,45,0.002,1000,0.489264759,0.087169126,10,2.65,1,0.00979,2248.91871,1781.635075,0.004087766
GHb_163,45,0.003,1000,0.489264759,0.087169126,10,2.65,1,0.00979,2248.91871,1781.635075,0.006131649
GHb_164,45,0.004,1000,0.489264759,0.087169126,10,2.65,1,0.00979,2248.91871,1781.635075,0.008175533
GHb_165,45,0.005,1000,0.489264759,0.087169126,10,2.65,1,0.00979,2248.91871,1781.635075,0.010219416
GHb_166,45,0.006,1000,0.489264759,0.087169126,10,2.65,1,0.00979,2248.91871,1781.635075,0.012263299
GHb_167,45,0.007,1000,0.489264759,0.087169126,10,2.65,1,0.00979,2248.91871,1781.635075,0.014307182
GHb_168,45,0.008,1000,0.489264759,0.087169126,10,2.65,1,0.00979,2248.91871,1781.635075,0.016351065
GHb_169,45,0.009,1000,0.489264759,0.087169126,10,2.65,1,0.00979,2248.91871,1781.635075,0.018394948
GHb_170,45,0.01,1000,0.489264759,0.087169126,10,2.65,1,0.00979,2248.91871,1781.635075,0.020438832
GHb_171,45,0.011,1000,0.489264759,0.087169126,10,2.65,1,0.00979,2248.91871,1781.635075,0.022482715
GHb_172,45,0.012,1000,0.489264759,0.087169126,10,2.65,1,0.00979,2248.91871,1781.635075,0.024526598
GHb_173,45,0.013,1000,0.489264759,0.087169126,10,2.65,1,0.00979,2248.91871,1781.635075,0.026570481
GHb_174,45,0.014,1000,0.489264759,0.087169126,10,2.65,1,0.00979,2248.91871,1781.635075,0.028614364
GHb_175,45,0.015,1000,0.489264759,0.087169126,10,2.65,1,0.00979,2248.91871,1781.635075,0.030658247
GHb_176,45,0.016,1000,0.489264759,0.087169126,10,2.65,1,0.00979,2248.91871,1781.635075,0.03270213
GHb_177,45,0.017,1000,0.489264759,0.087169126,10,2.65,1,0.00979,2248.91871,1781.635075,0.034746014
GHb_178,45,0.018,1000,0.489264759,0.087169126,10,2.65,1,0.00979,2248.91871,1781.635075,0.036789897
GHb_179,45,0.019,1000,0.489264759,0.087169126,10,2.65,1,0.00979,2248.91871,1781.635075,0.03883378
GHb_180,45,0.02,1000,0.489264759,0.087169126,10,2.65,1,0.00979,2248.91871,1781.635075,0.040877663
GHb_181,50,0.001,1000,0.489264759,0.087169126,10,2.65,1,0.00979,2498.798566,1781.635075,0.002043883
GHb_182,50,0.002,1000,0.489264759,0.087169126,10,2.65,1,0.00979,2498.798566,1781.635075,0.004087766
GHb_183,50,0.003,1000,0.489264759,0.087169126,10,2.65,1,0.00979,2498.798566,1781.635075,0.006131649
GHb_184,50,0.004,1000,0.489264759,0.087169126,10,2.65,1,0.00979,2498.798566,1781.635075,0.008175533
GHb_185,50,0.005,1000,0.489264759,0.087169126,10,2.65,1,0.00979,2498.798566,1781.635075,0.010219416
GHb_186,50,0.006,1000,0.489264759,0.087169126,10,2.65,1,0.00979,2498.798566,1781.635075,0.012263299
GHb_187,50,0.007,1000,0.489264759,0.087169126,10,2.65,1,0.00979,2498.798566,1781.635075,0.014307182
GHb_188,50,0.008,1000,0.489264759,0.087169126,10,2.65,1,0.00979,2498.798566,1781.635075,0.016351065
GHb_189,50,0.009,1000,0.489264759,0.087169126,10,2.65,1,0.00979,2498.798566,1781.635075,0.018394948
GHb_190,50,0.01,1000,0.489264759,0.087169126,10,2.65,1,0.00979,2498.798566,1781.635075,0.020438832
GHb_191,50,0.011,1000,0.489264759,0.087169126,10,2.65,1,0.00979,2498.798566,1781.635075,0.022482715
GHb_192,50,0.012,1000,0.489264759,0.087169126,10,2.65,1,0.00979,2498.798566,1781.635075,0.024526598
GHb_193,50,0.013,1000,0.489264759,0.087169126,10,2.65,1,0.00979,2498.798566,1781.635075,0.026570481
GHb_194,50,0.014,1000,0.489264759,0.087169126,10,2.65,1,0.00979,2498.798566,1781.635075,0.028614364
GHb_195,50,0.015,1000,0.489264759,0.087169126,10,2.65,1,0.00979,2498.798566,1781.635075,0.030658247
GHb_196,50,0.016,1000,0.489264759,0.087169126,10,2.65,1,0.00979,2498.798566,1781.635075,0.03270213
GHb_197,50,0.017,1000,0.489264759,0.087169126,10,2.65,1,0.00979,2498.798566,1781.635075,0.034746014
GHb_198,50,0.018,1000,0.489264759,0.087169126,10,2.65,1,0.00979,2498.798566,1781.635075,0.036789897
GHb_199,50,0.019,1000,0.489264759,0.087169126,10,2.65,1,0.00979,2498.798566,1781.635075,0.03883378
GHb_200,50,0.02,1000,0.489264759,0.087169126,10,2.65,1,0.00979,2498.798566,1781.635075,0.040877663
OLb_1,5,0.001,1000,0.658800016,0.046685417,10,2.65,1,0.00979,336.4657895,708.6432343,0.001517911
OLb_2,5,0.002,1000,0.658800016,0.046685417,10,2.65,1,0.00979,336.4657895,708.6432343,0.003035823
OLb_3,5,0.003,1000,0.658800016,0.046685417,10,2.65,1,0.00979,336.4657895,708.6432343,0.004553734
OLb_4,5,0.004,1000,0.658800016,0.046685417,10,2.65,1,0.00979,336.4657895,708.6432343,0.006071645
OLb_5,5,0.005,1000,0.658800016,0.046685417,10,2.65,1,0.00979,336.4657895,708.6432343,0.007589557
OLb_6,5,0.006,1000,0.658800016,0.046685417,10,2.65,1,0.00979,336.4657895,708.6432343,0.009107468
OLb_7,5,0.007,1000,0.658800016,0.046685417,10,2.65,1,0.00979,336.4657895,708.6432343,0.010625379
OLb_8,5,0.008,1000,0.658800016,0.046685417,10,2.65,1,0.00979,336.4657895,708.6432343,0.012143291
OLb_9,5,0.009,1000,0.658800016,0.046685417,10,2.65,1,0.00979,336.4657895,708.6432343,0.013661202
OLb_10,5,0.01,1000,0.658800016,0.046685417,10,2.65,1,0.00979,336.4657895,708.6432343,0.015179113
OLb_11,5,0.011,1000,0.658800016,0.046685417,10,2.65,1,0.00979,336.4657895,708.6432343,0.016697024
OLb_12,5,0.012,1000,0.658800016,0.046685417,10,2.65,1,0.00979,336.4657895,708.6432343,0.018214936
OLb_13,5,0.013,1000,0.658800016,0.046685417,10,2.65,1,0.00979,336.4657895,708.6432343,0.019732847
OLb_14,5,0.014,1000,0.658800016,0.046685417,10,2.65,1,0.00979,336.4657895,708.6432343,0.021250758
OLb_15,5,0.015,1000,0.658800016,0.046685417,10,2.65,1,0.00979,336.4657895,708.6432343,0.02276867
OLb_16,5,0.016,1000,0.658800016,0.046685417,10,2.65,1,0.00979,336.4657895,708.6432343,0.024286581
OLb_17,5,0.017,1000,0.658800016,0.046685417,10,2.65,1,0.00979,336.4657895,708.6432343,0.025804492
OLb_18,5,0.018,1000,0.658800016,0.046685417,10,2.65,1,0.00979,336.4657895,708.6432343,0.027322404
OLb_19,5,0.019,1000,0.658800016,0.046685417,10,2.65,1,0.00979,336.4657895,708.6432343,0.028840315
OLb_20,5,0.02,1000,0.658800016,0.046685417,10,2.65,1,0.00979,336.4657895,708.6432343,0.030358226
OLb_21,10,0.001,1000,0.658800016,0.046685417,10,2.65,1,0.00979,672.931579,708.6432343,0.001517911
OLb_22,10,0.002,1000,0.658800016,0.046685417,10,2.65,1,0.00979,672.931579,708.6432343,0.003035823
OLb_23,10,0.003,1000,0.658800016,0.046685417,10,2.65,1,0.00979,672.931579,708.6432343,0.004553734
OLb_24,10,0.004,1000,0.658800016,0.046685417,10,2.65,1,0.00979,672.931579,708.6432343,0.006071645
OLb_25,10,0.005,1000,0.658800016,0.046685417,10,2.65,1,0.00979,672.931579,708.6432343,0.007589557
OLb_26,10,0.006,1000,0.658800016,0.046685417,10,2.65,1,0.00979,672.931579,708.6432343,0.009107468
OLb_27,10,0.007,1000,0.658800016,0.046685417,10,2.65,1,0.00979,672.931579,708.6432343,0.010625379
OLb_28,10,0.008,1000,0.658800016,0.046685417,10,2.65,1,0.00979,672.931579,708.6432343,0.012143291
OLb_29,10,0.009,1000,0.658800016,0.046685417,10,2.65,1,0.00979,672.931579,708.6432343,0.013661202
OLb_30,10,0.01,1000,0.658800016,0.046685417,10,2.65,1,0.00979,672.931579,708.6432343,0.015179113
OLb_31,10,0.011,1000,0.658800016,0.046685417,10,2.65,1,0.00979,672.931579,708.6432343,0.016697024
OLb_32,10,0.012,1000,0.658800016,0.046685417,10,2.65,1,0.00979,672.931579,708.6432343,0.018214936
OLb_33,10,0.013,1000,0.658800016,0.046685417,10,2.65,1,0.00979,672.931579,708.6432343,0.019732847
OLb_34,10,0.014,1000,0.658800016,0.046685417,10,2.65,1,0.00979,672.931579,708.6432343,0.021250758
OLb_35,10,0.015,1000,0.658800016,0.046685417,10,2.65,1,0.00979,672.931579,708.6432343,0.02276867
OLb_36,10,0.016,1000,0.658800016,0.046685417,10,2.65,1,0.00979,672.931579,708.6432343,0.024286581
OLb_37,10,0.017,1000,0.658800016,0.046685417,10,2.65,1,0.00979,672.931579,708.6432343,0.025804492
OLb_38,10,0.018,1000,0.658800016,0.046685417,10,2.65,1,0.00979,672.931579,708.6432343,0.027322404
OLb_39,10,0.019,1000,0.658800016,0.046685417,10,2.65,1,0.00979,672.931579,708.6432343,0.028840315
OLb_40,10,0.02,1000,0.658800016,0.046685417,10,2.65,1,0.00979,672.931579,708.6432343,0.030358226
OLb_41,15,0.001,1000,0.658800016,0.046685417,10,2.65,1,0.00979,1009.397369,708.6432343,0.001517911
OLb_42,15,0.002,1000,0.658800016,0.046685417,10,2.65,1,0.00979,1009.397369,708.6432343,0.003035823
OLb_43,15,0.003,1000,0.658800016,0.046685417,10,2.65,1,0.00979,1009.397369,708.6432343,0.004553734
OLb_44,15,0.004,1000,0.658800016,0.046685417,10,2.65,1,0.00979,1009.397369,708.6432343,0.006071645
OLb_45,15,0.005,1000,0.658800016,0.046685417,10,2.65,1,0.00979,1009.397369,708.6432343,0.007589557
OLb_46,15,0.006,1000,0.658800016,0.046685417,10,2.65,1,0.00979,1009.397369,708.6432343,0.009107468
OLb_47,15,0.007,1000,0.658800016,0.046685417,10,2.65,1,0.00979,1009.397369,708.6432343,0.010625379
OLb_48,15,0.008,1000,0.658800016,0.046685417,10,2.65,1,0.00979,1009.397369,708.6432343,0.012143291
OLb_49,15,0.009,1000,0.658800016,0.046685417,10,2.65,1,0.00979,1009.397369,708.6432343,0.013661202
OLb_50,15,0.01,1000,0.658800016,0.046685417,10,2.65,1,0.00979,1009.397369,708.6432343,0.015179113
OLb_51,15,0.011,1000,0.658800016,0.046685417,10,2.65,1,0.00979,1009.397369,708.6432343,0.016697024
OLb_52,15,0.012,1000,0.658800016,0.046685417,10,2.65,1,0.00979,1009.397369,708.6432343,0.018214936
OLb_53,15,0.013,1000,0.658800016,0.046685417,10,2.65,1,0.00979,1009.397369,708.6432343,0.019732847
OLb_54,15,0.014,1000,0.658800016,0.046685417,10,2.65,1,0.00979,1009.397369,708.6432343,0.021250758
OLb_55,15,0.015,1000,0.658800016,0.046685417,10,2.65,1,0.00979,1009.397369,708.6432343,0.02276867
OLb_56,15,0.016,1000,0.658800016,0.046685417,10,2.65,1,0.00979,1009.397369,708.6432343,0.024286581
OLb_57,15,0.017,1000,0.658800016,0.046685417,10,2.65,1,0.00979,1009.397369,708.6432343,0.025804492
OLb_58,15,0.018,1000,0.658800016,0.046685417,10,2.65,1,0.00979,1009.397369,708.6432343,0.027322404
OLb_59,15,0.019,1000,0.658800016,0.046685417,10,2.65,1,0.00979,1009.397369,708.6432343,0.028840315
OLb_60,15,0.02,1000,0.658800016,0.046685417,10,2.65,1,0.00979,1009.397369,708.6432343,0.030358226
OLb_61,20,0.001,1000,0.658800016,0.046685417,10,2.65,1,0.00979,1345.863158,708.6432343,0.001517911
OLb_62,20,0.002,1000,0.658800016,0.046685417,10,2.65,1,0.00979,1345.863158,708.6432343,0.003035823
OLb_63,20,0.003,1000,0.658800016,0.046685417,10,2.65,1,0.00979,1345.863158,708.6432343,0.004553734
OLb_64,20,0.004,1000,0.658800016,0.046685417,10,2.65,1,0.00979,1345.863158,708.6432343,0.006071645
OLb_65,20,0.005,1000,0.658800016,0.046685417,10,2.65,1,0.00979,1345.863158,708.6432343,0.007589557
OLb_66,20,0.006,1000,0.658800016,0.046685417,10,2.65,1,0.00979,1345.863158,708.6432343,0.009107468
OLb_67,20,0.007,1000,0.658800016,0.046685417,10,2.65,1,0.00979,1345.863158,708.6432343,0.010625379
OLb_68,20,0.008,1000,0.658800016,0.046685417,10,2.65,1,0.00979,1345.863158,708.6432343,0.012143291
OLb_69,20,0.009,1000,0.658800016,0.046685417,10,2.65,1,0.00979,1345.863158,708.6432343,0.013661202
OLb_70,20,0.01,1000,0.658800016,0.046685417,10,2.65,1,0.00979,1345.863158,708.6432343,0.015179113
OLb_71,20,0.011,1000,0.658800016,0.046685417,10,2.65,1,0.00979,1345.863158,708.6432343,0.016697024
OLb_72,20,0.012,1000,0.658800016,0.046685417,10,2.65,1,0.00979,1345.863158,708.6432343,0.018214936
OLb_73,20,0.013,1000,0.658800016,0.046685417,10,2.65,1,0.00979,1345.863158,708.6432343,0.019732847
OLb_74,20,0.014,1000,0.658800016,0.046685417,10,2.65,1,0.00979,1345.863158,708.6432343,0.021250758
OLb_75,20,0.015,1000,0.658800016,0.046685417,10,2.65,1,0.00979,1345.863158,708.6432343,0.02276867
OLb_76,20,0.016,1000,0.658800016,0.046685417,10,2.65,1,0.00979,1345.863158,708.6432343,0.024286581
OLb_77,20,0.017,1000,0.658800016,0.046685417,10,2.65,1,0.00979,1345.863158,708.6432343,0.025804492
OLb_78,20,0.018,1000,0.658800016,0.046685417,10,2.65,1,0.00979,1345.863158,708.6432343,0.027322404
OLb_79,20,0.019,1000,0.658800016,0.046685417,10,2.65,1,0.00979,1345.863158,708.6432343,0.028840315
OLb_80,20,0.02,1000,0.658800016,0.046685417,10,2.65,1,0.00979,1345.863158,708.6432343,0.030358226
OLb_81,25,0.001,1000,0.658800016,0.046685417,10,2.65,1,0.00979,1682.328948,708.6432343,0.001517911
OLb_82,25,0.002,1000,0.658800016,0.046685417,10,2.65,1,0.00979,1682.328948,708.6432343,0.003035823
OLb_83,25,0.003,1000,0.658800016,0.046685417,10,2.65,1,0.00979,1682.328948,708.6432343,0.004553734
OLb_84,25,0.004,1000,0.658800016,0.046685417,10,2.65,1,0.00979,1682.328948,708.6432343,0.006071645
OLb_85,25,0.005,1000,0.658800016,0.046685417,10,2.65,1,0.00979,1682.328948,708.6432343,0.007589557
OLb_86,25,0.006,1000,0.658800016,0.046685417,10,2.65,1,0.00979,1682.328948,708.6432343,0.009107468
OLb_87,25,0.007,1000,0.658800016,0.046685417,10,2.65,1,0.00979,1682.328948,708.6432343,0.010625379
OLb_88,25,0.008,1000,0.658800016,0.046685417,10,2.65,1,0.00979,1682.328948,708.6432343,0.012143291
OLb_89,25,0.009,1000,0.658800016,0.046685417,10,2.65,1,0.00979,1682.328948,708.6432343,0.013661202
OLb_90,25,0.01,1000,0.658800016,0.046685417,10,2.65,1,0.00979,1682.328948,708.6432343,0.015179113
OLb_91,25,0.011,1000,0.658800016,0.046685417,10,2.65,1,0.00979,1682.328948,708.6432343,0.016697024
OLb_92,25,0.012,1000,0.658800016,0.046685417,10,2.65,1,0.00979,1682.328948,708.6432343,0.018214936
OLb_93,25,0.013,1000,0.658800016,0.046685417,10,2.65,1,0.00979,1682.328948,708.6432343,0.019732847
OLb_94,25,0.014,1000,0.658800016,0.046685417,10,2.65,1,0.00979,1682.328948,708.6432343,0.021250758
OLb_95,25,0.015,1000,0.658800016,0.046685417,10,2.65,1,0.00979,1682.328948,708.6432343,0.02276867
OLb_96,25,0.016,1000,0.658800016,0.046685417,10,2.65,1,0.00979,1682.328948,708.6432343,0.024286581
OLb_97,25,0.017,1000,0.658800016,0.046685417,10,2.65,1,0.00979,1682.328948,708.6432343,0.025804492
OLb_98,25,0.018,1000,0.658800016,0.046685417,10,2.65,1,0.00979,1682.328948,708.6432343,0.027322404
OLb_99,25,0.019,1000,0.658800016,0.046685417,10,2.65,1,0.00979,1682.328948,708.6432343,0.028840315
OLb_100,25,0.02,1000,0.658800016,0.046685417,10,2.65,1,0.00979,1682.328948,708.6432343,0.030358226
OLb_101,30,0.001,1000,0.658800016,0.046685417,10,2.65,1,0.00979,2018.794737,708.6432343,0.001517911
OLb_102,30,0.002,1000,0.658800016,0.046685417,10,2.65,1,0.00979,2018.794737,708.6432343,0.003035823
OLb_103,30,0.003,1000,0.658800016,0.046685417,10,2.65,1,0.00979,2018.794737,708.6432343,0.004553734
OLb_104,30,0.004,1000,0.658800016,0.046685417,10,2.65,1,0.00979,2018.794737,708.6432343,0.006071645
OLb_105,30,0.005,1000,0.658800016,0.046685417,10,2.65,1,0.00979,2018.794737,708.6432343,0.007589557
OLb_106,30,0.006,1000,0.658800016,0.046685417,10,2.65,1,0.00979,2018.794737,708.6432343,0.009107468
OLb_107,30,0.007,1000,0.658800016,0.046685417,10,2.65,1,0.00979,2018.794737,708.6432343,0.010625379
OLb_108,30,0.008,1000,0.658800016,0.046685417,10,2.65,1,0.00979,2018.794737,708.6432343,0.012143291
OLb_109,30,0.009,1000,0.658800016,0.046685417,10,2.65,1,0.00979,2018.794737,708.6432343,0.013661202
OLb_110,30,0.01,1000,0.658800016,0.046685417,10,2.65,1,0.00979,2018.794737,708.6432343,0.015179113
OLb_111,30,0.011,1000,0.658800016,0.046685417,10,2.65,1,0.00979,2018.794737,708.6432343,0.016697024
OLb_112,30,0.012,1000,0.658800016,0.046685417,10,2.65,1,0.00979,2018.794737,708.6432343,0.018214936
OLb_113,30,0.013,1000,0.658800016,0.046685417,10,2.65,1,0.00979,2018.794737,708.6432343,0.019732847
OLb_114,30,0.014,1000,0.658800016,0.046685417,10,2.65,1,0.00979,2018.794737,708.6432343,0.021250758
OLb_115,30,0.015,1000,0.658800016,0.046685417,10,2.65,1,0.00979,2018.794737,708.6432343,0.02276867
OLb_116,30,0.016,1000,0.658800016,0.046685417,10,2.65,1,0.00979,2018.794737,708.6432343,0.024286581
OLb_117,30,0.017,1000,0.658800016,0.046685417,10,2.65,1,0.00979,2018.794737,708.6432343,0.025804492
OLb_118,30,0.018,1000,0.658800016,0.046685417,10,2.65,1,0.00979,2018.794737,708.6432343,0.027322404
OLb_119,30,0.019,1000,0.658800016,0.046685417,10,2.65,1,0.00979,2018.794737,708.6432343,0.028840315
OLb_120,30,0.02,1000,0.658800016,0.046685417,10,2.65,1,0.00979,2018.794737,708.6432343,0.030358226
OLb_121,35,0.001,1000,0.658800016,0.046685417,10,2.65,1,0.00979,2355.260527,708.6432343,0.001517911
OLb_122,35,0.002,1000,0.658800016,0.046685417,10,2.65,1,0.00979,2355.260527,708.6432343,0.003035823
OLb_123,35,0.003,1000,0.658800016,0.046685417,10,2.65,1,0.00979,2355.260527,708.6432343,0.004553734
OLb_124,35,0.004,1000,0.658800016,0.046685417,10,2.65,1,0.00979,2355.260527,708.6432343,0.006071645
OLb_125,35,0.005,1000,0.658800016,0.046685417,10,2.65,1,0.00979,2355.260527,708.6432343,0.007589557
OLb_126,35,0.006,1000,0.658800016,0.046685417,10,2.65,1,0.00979,2355.260527,708.6432343,0.009107468
OLb_127,35,0.007,1000,0.658800016,0.046685417,10,2.65,1,0.00979,2355.260527,708.6432343,0.010625379
OLb_128,35,0.008,1000,0.658800016,0.046685417,10,2.65,1,0.00979,2355.260527,708.6432343,0.012143291
OLb_129,35,0.009,1000,0.658800016,0.046685417,10,2.65,1,0.00979,2355.260527,708.6432343,0.013661202
OLb_130,35,0.01,1000,0.658800016,0.046685417,10,2.65,1,0.00979,2355.260527,708.6432343,0.015179113
OLb_131,35,0.011,1000,0.658800016,0.046685417,10,2.65,1,0.00979,2355.260527,708.6432343,0.016697024
OLb_132,35,0.012,1000,0.658800016,0.046685417,10,2.65,1,0.00979,2355.260527,708.6432343,0.018214936
OLb_133,35,0.013,1000,0.658800016,0.046685417,10,2.65,1,0.00979,2355.260527,708.6432343,0.019732847
OLb_134,35,0.014,1000,0.658800016,0.046685417,10,2.65,1,0.00979,2355.260527,708.6432343,0.021250758
OLb_135,35,0.015,1000,0.658800016,0.046685417,10,2.65,1,0.00979,2355.260527,708.6432343,0.02276867
OLb_136,35,0.016,1000,0.658800016,0.046685417,10,2.65,1,0.00979,2355.260527,708.6432343,0.024286581
OLb_137,35,0.017,1000,0.658800016,0.046685417,10,2.65,1,0.00979,2355.260527,708.6432343,0.025804492
OLb_138,35,0.018,1000,0.658800016,0.046685417,10,2.65,1,0.00979,2355.260527,708.6432343,0.027322404
OLb_139,35,0.019,1000,0.658800016,0.046685417,10,2.65,1,0.00979,2355.260527,708.6432343,0.028840315
OLb_140,35,0.02,1000,0.658800016,0.046685417,10,2.65,1,0.00979,2355.260527,708.6432343,0.030358226
OLb_141,40,0.001,1000,0.658800016,0.046685417,10,2.65,1,0.00979,2691.726316,708.6432343,0.001517911
OLb_142,40,0.002,1000,0.658800016,0.046685417,10,2.65,1,0.00979,2691.726316,708.6432343,0.003035823
OLb_143,40,0.003,1000,0.658800016,0.046685417,10,2.65,1,0.00979,2691.726316,708.6432343,0.004553734
OLb_144,40,0.004,1000,0.658800016,0.046685417,10,2.65,1,0.00979,2691.726316,708.6432343,0.006071645
OLb_145,40,0.005,1000,0.658800016,0.046685417,10,2.65,1,0.00979,2691.726316,708.6432343,0.007589557
OLb_146,40,0.006,1000,0.658800016,0.046685417,10,2.65,1,0.00979,2691.726316,708.6432343,0.009107468
OLb_147,40,0.007,1000,0.658800016,0.046685417,10,2.65,1,0.00979,2691.726316,708.6432343,0.010625379
OLb_148,40,0.008,1000,0.658800016,0.046685417,10,2.65,1,0.00979,2691.726316,708.6432343,0.012143291
OLb_149,40,0.009,1000,0.658800016,0.046685417,10,2.65,1,0.00979,2691.726316,708.6432343,0.013661202
OLb_150,40,0.01,1000,0.658800016,0.046685417,10,2.65,1,0.00979,2691.726316,708.6432343,0.015179113
OLb_151,40,0.011,1000,0.658800016,0.046685417,10,2.65,1,0.00979,2691.726316,708.6432343,0.016697024
OLb_152,40,0.012,1000,0.658800016,0.046685417,10,2.65,1,0.00979,2691.726316,708.6432343,0.018214936
OLb_153,40,0.013,1000,0.658800016,0.046685417,10,2.65,1,0.00979,2691.726316,708.6432343,0.019732847
OLb_154,40,0.014,1000,0.658800016,0.046685417,10,2.65,1,0.00979,2691.726316,708.6432343,0.021250758
OLb_155,40,0.015,1000,0.658800016,0.046685417,10,2.65,1,0.00979,2691.726316,708.6432343,0.02276867
OLb_156,40,0.016,1000,0.658800016,0.046685417,10,2.65,1,0.00979,2691.726316,708.6432343,0.024286581
OLb_157,40,0.017,1000,0.658800016,0.046685417,10,2.65,1,0.00979,2691.726316,708.6432343,0.025804492
OLb_158,40,0.018,1000,0.658800016,0.046685417,10,2.65,1,0.00979,2691.726316,708.6432343,0.027322404
OLb_159,40,0.019,1000,0.658800016,0.046685417,10,2.65,1,0.00979,2691.726316,708.6432343,0.028840315
OLb_160,40,0.02,1000,0.658800016,0.046685417,10,2.65,1,0.00979,2691.726316,708.6432343,0.030358226
OLb_161,45,0.001,1000,0.658800016,0.046685417,10,2.65,1,0.00979,3028.192106,708.6432343,0.001517911
OLb_162,45,0.002,1000,0.658800016,0.046685417,10,2.65,1,0.00979,3028.192106,708.6432343,0.003035823
OLb_163,45,0.003,1000,0.658800016,0.046685417,10,2.65,1,0.00979,3028.192106,708.6432343,0.004553734
OLb_164,45,0.004,1000,0.658800016,0.046685417,10,2.65,1,0.00979,3028.192106,708.6432343,0.006071645
OLb_165,45,0.005,1000,0.658800016,0.046685417,10,2.65,1,0.00979,3028.192106,708.6432343,0.007589557
OLb_166,45,0.006,1000,0.658800016,0.046685417,10,2.65,1,0.00979,3028.192106,708.6432343,0.009107468
OLb_167,45,0.007,1000,0.658800016,0.046685417,10,2.65,1,0.00979,3028.192106,708.6432343,0.010625379
OLb_168,45,0.008,1000,0.658800016,0.046685417,10,2.65,1,0.00979,3028.192106,708.6432343,0.012143291
OLb_169,45,0.009,1000,0.658800016,0.046685417,10,2.65,1,0.00979,3028.192106,708.6432343,0.013661202
OLb_170,45,0.01,1000,0.658800016,0.046685417,10,2.65,1,0.00979,3028.192106,708.6432343,0.015179113
OLb_171,45,0.011,1000,0.658800016,0.046685417,10,2.65,1,0.00979,3028.192106,708.6432343,0.016697024
OLb_172,45,0.012,1000,0.658800016,0.046685417,10,2.65,1,0.00979,3028.192106,708.6432343,0.018214936
OLb_173,45,0.013,1000,0.658800016,0.046685417,10,2.65,1,0.00979,3028.192106,708.6432343,0.019732847
OLb_174,45,0.014,1000,0.658800016,0.046685417,10,2.65,1,0.00979,3028.192106,708.6432343,0.021250758
OLb_175,45,0.015,1000,0.658800016,0.046685417,10,2.65,1,0.00979,3028.192106,708.6432343,0.02276867
OLb_176,45,0.016,1000,0.658800016,0.046685417,10,2.65,1,0.00979,3028.192106,708.6432343,0.024286581
OLb_177,45,0.017,1000,0.658800016,0.046685417,10,2.65,1,0.00979,3028.192106,708.6432343,0.025804492
OLb_178,45,0.018,1000,0.658800016,0.046685417,10,2.65,1,0.00979,3028.192106,708.6432343,0.027322404
OLb_179,45,0.019,1000,0.658800016,0.046685417,10,2.65,1,0.00979,3028.192106,708.6432343,0.028840315
OLb_180,45,0.02,1000,0.658800016,0.046685417,10,2.65,1,0.00979,3028.192106,708.6432343,0.030358226
OLb_181,50,0.001,1000,0.658800016,0.046685417,10,2.65,1,0.00979,3364.657895,708.6432343,0.001517911
OLb_182,50,0.002,1000,0.658800016,0.046685417,10,2.65,1,0.00979,3364.657895,708.6432343,0.003035823
OLb_183,50,0.003,1000,0.658800016,0.046685417,10,2.65,1,0.00979,3364.657895,708.6432343,0.004553734
OLb_184,50,0.004,1000,0.658800016,0.046685417,10,2.65,1,0.00979,3364.657895,708.6432343,0.006071645
OLb_185,50,0.005,1000,0.658800016,0.046685417,10,2.65,1,0.00979,3364.657895,708.6432343,0.007589557
OLb_186,50,0.006,1000,0.658800016,0.046685417,10,2.65,1,0.00979,3364.657895,708.6432343,0.009107468
OLb_187,50,0.007,1000,0.658800016,0.046685417,10,2.65,1,0.00979,3364.657895,708.6432343,0.010625379
OLb_188,50,0.008,1000,0.658800016,0.046685417,10,2.65,1,0.00979,3364.657895,708.6432343,0.012143291
OLb_189,50,0.009,1000,0.658800016,0.046685417,10,2.65,1,0.00979,3364.657895,708.6432343,0.013661202
OLb_190,50,0.01,1000,0.658800016,0.046685417,10,2.65,1,0.00979,3364.657895,708.6432343,0.015179113
OLb_191,50,0.011,1000,0.658800016,0.046685417,10,2.65,1,0.00979,3364.657895,708.6432343,0.016697024
OLb_192,50,0.012,1000,0.658800016,0.046685417,10,2.65,1,0.00979,3364.657895,708.6432343,0.018214936
OLb_193,50,0.013,1000,0.658800016,0.046685417,10,2.65,1,0.00979,3364.657895,708.6432343,0.019732847
OLb_194,50,0.014,1000,0.658800016,0.046685417,10,2.65,1,0.00979,3364.657895,708.6432343,0.021250758
OLb_195,50,0.015,1000,0.658800016,0.046685417,10,2.65,1,0.00979,3364.657895,708.6432343,0.02276867
OLb_196,50,0.016,1000,0.658800016,0.046685417,10,2.65,1,0.00979,3364.657895,708.6432343,0.024286581
OLb_197,50,0.017,1000,0.658800016,0.046685417,10,2.65,1,0.00979,3364.657895,708.6432343,0.025804492
OLb_198,50,0.018,1000,0.658800016,0.046685417,10,2.65,1,0.00979,3364.657895,708.6432343,0.027322404
OLb_199,50,0.019,1000,0.658800016,0.046685417,10,2.65,1,0.00979,3364.657895,708.6432343,0.028840315
OLb_200,50,0.02,1000,0.658800016,0.046685417,10,2.65,1,0.00979,3364.657895,708.6432343,0.030358226
